member_name,size_bytes,compressed_size_bytes,crc32,type
DTI_Data_sharing/Demographics.xlsx,51037,43022,4fd12294,file
DTI_Data_sharing/DTI_Data_sharing_MECFS-GO/,0,0,00000000,directory
DTI_Data_sharing/DTI_Data_sharing_MECFS-GO/CFS_003/,0,0,00000000,directory
DTI_Data_sharing/DTI_Data_sharing_MECFS-GO/CFS_003/DTI_AD.nii.gz,645572,642273,7a7ed23e,file
DTI_Data_sharing/DTI_Data_sharing_MECFS-GO/CFS_003/DTI_FA.nii.gz,671332,668179,5d6f7c49,file
DTI_Data_sharing/DTI_Data_sharing_MECFS-GO/CFS_003/DTI_MD.nii.gz,662671,659384,1264a3f9,file
DTI_Data_sharing/DTI_Data_sharing_MECFS-GO/CFS_003/DTI_RD.nii.gz,668208,664953,b95de364,file
DTI_Data_sharing/DTI_Data_sharing_MECFS-GO/CFS_004/,0,0,00000000,directory
DTI_Data_sharing/DTI_Data_sharing_MECFS-GO/CFS_004/DTI_AD.nii.gz,711447,708644,99598071,file
DTI_Data_sharing/DTI_Data_sharing_MECFS-GO/CFS_004/DTI_FA.nii.gz,740062,737372,fdb726b5,file
DTI_Data_sharing/DTI_Data_sharing_MECFS-GO/CFS_004/DTI_MD.nii.gz,728370,725347,08b13b0a,file
DTI_Data_sharing/DTI_Data_sharing_MECFS-GO/CFS_004/DTI_RD.nii.gz,734713,732016,14e95e54,file
DTI_Data_sharing/DTI_Data_sharing_MECFS-GO/CFS_005/,0,0,00000000,directory
DTI_Data_sharing/DTI_Data_sharing_MECFS-GO/CFS_005/DTI_AD.nii.gz,722595,719602,a83e6537,file
DTI_Data_sharing/DTI_Data_sharing_MECFS-GO/CFS_005/DTI_FA.nii.gz,751927,749032,c5f494e8,file
DTI_Data_sharing/DTI_Data_sharing_MECFS-GO/CFS_005/DTI_MD.nii.gz,736499,733361,3ea62603,file
DTI_Data_sharing/DTI_Data_sharing_MECFS-GO/CFS_005/DTI_RD.nii.gz,747416,744541,239895f3,file
DTI_Data_sharing/DTI_Data_sharing_MECFS-GO/CFS_010/,0,0,00000000,directory
DTI_Data_sharing/DTI_Data_sharing_MECFS-GO/CFS_010/DTI_AD.nii.gz,712956,709915,84d8151e,file
DTI_Data_sharing/DTI_Data_sharing_MECFS-GO/CFS_010/DTI_FA.nii.gz,742366,739449,013b582e,file
DTI_Data_sharing/DTI_Data_sharing_MECFS-GO/CFS_010/DTI_MD.nii.gz,728526,725306,cea891c9,file
DTI_Data_sharing/DTI_Data_sharing_MECFS-GO/CFS_010/DTI_RD.nii.gz,737292,734372,9be0e41a,file
DTI_Data_sharing/DTI_Data_sharing_MECFS-GO/CFS_013/,0,0,00000000,directory
DTI_Data_sharing/DTI_Data_sharing_MECFS-GO/CFS_013/DTI_AD.nii.gz,701394,698256,76556245,file
DTI_Data_sharing/DTI_Data_sharing_MECFS-GO/CFS_013/DTI_FA.nii.gz,728930,725978,1ff7a3a9,file
DTI_Data_sharing/DTI_Data_sharing_MECFS-GO/CFS_013/DTI_MD.nii.gz,715320,711953,5739d989,file
DTI_Data_sharing/DTI_Data_sharing_MECFS-GO/CFS_013/DTI_RD.nii.gz,725031,721901,9e99a151,file
DTI_Data_sharing/DTI_Data_sharing_MECFS-GO/CFS_018/,0,0,00000000,directory
DTI_Data_sharing/DTI_Data_sharing_MECFS-GO/CFS_018/DTI_AD.nii.gz,735320,732115,ca2dda12,file
DTI_Data_sharing/DTI_Data_sharing_MECFS-GO/CFS_018/DTI_FA.nii.gz,765254,762241,46115e5f,file
DTI_Data_sharing/DTI_Data_sharing_MECFS-GO/CFS_018/DTI_MD.nii.gz,749488,746171,dc262252,file
DTI_Data_sharing/DTI_Data_sharing_MECFS-GO/CFS_018/DTI_RD.nii.gz,760543,757534,b7ae4161,file
DTI_Data_sharing/DTI_Data_sharing_MECFS-GO/CFS_019/,0,0,00000000,directory
DTI_Data_sharing/DTI_Data_sharing_MECFS-GO/CFS_019/DTI_AD.nii.gz,742430,739825,1b6936ee,file
DTI_Data_sharing/DTI_Data_sharing_MECFS-GO/CFS_019/DTI_FA.nii.gz,774122,771658,b7da7c51,file
DTI_Data_sharing/DTI_Data_sharing_MECFS-GO/CFS_019/DTI_MD.nii.gz,757288,754452,cf9af66d,file
DTI_Data_sharing/DTI_Data_sharing_MECFS-GO/CFS_019/DTI_RD.nii.gz,768121,765678,24da2482,file
DTI_Data_sharing/DTI_Data_sharing_MECFS-GO/CFS_020/,0,0,00000000,directory
DTI_Data_sharing/DTI_Data_sharing_MECFS-GO/CFS_020/DTI_AD.nii.gz,791661,789397,40e3aceb,file
DTI_Data_sharing/DTI_Data_sharing_MECFS-GO/CFS_020/DTI_FA.nii.gz,825206,823141,b8fbd551,file
DTI_Data_sharing/DTI_Data_sharing_MECFS-GO/CFS_020/DTI_MD.nii.gz,806561,804179,2dde182c,file
DTI_Data_sharing/DTI_Data_sharing_MECFS-GO/CFS_020/DTI_RD.nii.gz,819321,817303,336bb105,file
DTI_Data_sharing/DTI_Data_sharing_MECFS-GO/CFS_025/,0,0,00000000,directory
DTI_Data_sharing/DTI_Data_sharing_MECFS-GO/CFS_025/DTI_AD.nii.gz,760032,757471,78f31a8e,file
DTI_Data_sharing/DTI_Data_sharing_MECFS-GO/CFS_025/DTI_FA.nii.gz,790377,787994,c275cfc1,file
DTI_Data_sharing/DTI_Data_sharing_MECFS-GO/CFS_025/DTI_MD.nii.gz,778012,775327,864a0e29,file
DTI_Data_sharing/DTI_Data_sharing_MECFS-GO/CFS_025/DTI_RD.nii.gz,785486,783031,ea60826a,file
DTI_Data_sharing/DTI_Data_sharing_MECFS-GO/CFS_028/,0,0,00000000,directory
DTI_Data_sharing/DTI_Data_sharing_MECFS-GO/CFS_028/DTI_AD.nii.gz,712225,709044,ab060f25,file
DTI_Data_sharing/DTI_Data_sharing_MECFS-GO/CFS_028/DTI_FA.nii.gz,740924,737810,a8b91aa7,file
DTI_Data_sharing/DTI_Data_sharing_MECFS-GO/CFS_028/DTI_MD.nii.gz,726373,723018,630a6e6a,file
DTI_Data_sharing/DTI_Data_sharing_MECFS-GO/CFS_028/DTI_RD.nii.gz,736010,732935,b344d46f,file
DTI_Data_sharing/DTI_Data_sharing_MECFS-GO/CFS_030/,0,0,00000000,directory
DTI_Data_sharing/DTI_Data_sharing_MECFS-GO/CFS_030/DTI_AD.nii.gz,765839,763379,f763eba6,file
DTI_Data_sharing/DTI_Data_sharing_MECFS-GO/CFS_030/DTI_FA.nii.gz,798387,796108,e0e57ea5,file
DTI_Data_sharing/DTI_Data_sharing_MECFS-GO/CFS_030/DTI_MD.nii.gz,781720,779057,0b028f9a,file
DTI_Data_sharing/DTI_Data_sharing_MECFS-GO/CFS_030/DTI_RD.nii.gz,792064,789715,a5b66381,file
DTI_Data_sharing/DTI_Data_sharing_MECFS-GO/CFS_042/,0,0,00000000,directory
DTI_Data_sharing/DTI_Data_sharing_MECFS-GO/CFS_042/DTI_AD.nii.gz,697944,694942,b2b59f2b,file
DTI_Data_sharing/DTI_Data_sharing_MECFS-GO/CFS_042/DTI_FA.nii.gz,726246,723297,c04de218,file
DTI_Data_sharing/DTI_Data_sharing_MECFS-GO/CFS_042/DTI_MD.nii.gz,708962,705848,151f147b,file
DTI_Data_sharing/DTI_Data_sharing_MECFS-GO/CFS_042/DTI_RD.nii.gz,721435,718573,cffdfaed,file
DTI_Data_sharing/DTI_Data_sharing_MECFS-GO/CFS_043/,0,0,00000000,directory
DTI_Data_sharing/DTI_Data_sharing_MECFS-GO/CFS_043/DTI_AD.nii.gz,735849,733073,07809c50,file
DTI_Data_sharing/DTI_Data_sharing_MECFS-GO/CFS_043/DTI_FA.nii.gz,765469,762859,4329fc1d,file
DTI_Data_sharing/DTI_Data_sharing_MECFS-GO/CFS_043/DTI_MD.nii.gz,752527,749665,fd7932a7,file
DTI_Data_sharing/DTI_Data_sharing_MECFS-GO/CFS_043/DTI_RD.nii.gz,760087,757547,03301399,file
DTI_Data_sharing/DTI_Data_sharing_MECFS-GO/CFS_046/,0,0,00000000,directory
DTI_Data_sharing/DTI_Data_sharing_MECFS-GO/CFS_046/DTI_AD.nii.gz,664661,661705,f7ca7c0d,file
DTI_Data_sharing/DTI_Data_sharing_MECFS-GO/CFS_046/DTI_FA.nii.gz,690565,687697,d1bb001f,file
DTI_Data_sharing/DTI_Data_sharing_MECFS-GO/CFS_046/DTI_MD.nii.gz,676477,673366,a4035ebe,file
DTI_Data_sharing/DTI_Data_sharing_MECFS-GO/CFS_046/DTI_RD.nii.gz,686235,683429,c7344076,file
DTI_Data_sharing/DTI_Data_sharing_MECFS-GO/CFS_052/,0,0,00000000,directory
DTI_Data_sharing/DTI_Data_sharing_MECFS-GO/CFS_052/DTI_AD.nii.gz,671157,667752,2483ed2e,file
DTI_Data_sharing/DTI_Data_sharing_MECFS-GO/CFS_052/DTI_FA.nii.gz,698644,695417,b43eb70d,file
DTI_Data_sharing/DTI_Data_sharing_MECFS-GO/CFS_052/DTI_MD.nii.gz,682393,678930,40e8d462,file
DTI_Data_sharing/DTI_Data_sharing_MECFS-GO/CFS_052/DTI_RD.nii.gz,693553,690267,99aef434,file
DTI_Data_sharing/DTI_Data_sharing_MECFS-GO/CFS_063/,0,0,00000000,directory
DTI_Data_sharing/DTI_Data_sharing_MECFS-GO/CFS_063/DTI_AD.nii.gz,725447,722788,a49fa013,file
DTI_Data_sharing/DTI_Data_sharing_MECFS-GO/CFS_063/DTI_FA.nii.gz,754873,752452,dd387bae,file
DTI_Data_sharing/DTI_Data_sharing_MECFS-GO/CFS_063/DTI_MD.nii.gz,739275,736430,1bd4ead9,file
DTI_Data_sharing/DTI_Data_sharing_MECFS-GO/CFS_063/DTI_RD.nii.gz,750350,747693,302d317e,file
DTI_Data_sharing/DTI_Data_sharing_MECFS-GO/CFS_069/,0,0,00000000,directory
DTI_Data_sharing/DTI_Data_sharing_MECFS-GO/CFS_069/DTI_AD.nii.gz,664177,661081,9885e95e,file
DTI_Data_sharing/DTI_Data_sharing_MECFS-GO/CFS_069/DTI_FA.nii.gz,690433,687423,9059cea1,file
DTI_Data_sharing/DTI_Data_sharing_MECFS-GO/CFS_069/DTI_MD.nii.gz,677584,674342,110214d1,file
DTI_Data_sharing/DTI_Data_sharing_MECFS-GO/CFS_069/DTI_RD.nii.gz,686252,683334,5412572d,file
DTI_Data_sharing/DTI_Data_sharing_MECFS-GO/CFS_073/,0,0,00000000,directory
DTI_Data_sharing/DTI_Data_sharing_MECFS-GO/CFS_073/DTI_AD.nii.gz,664204,661246,59670385,file
DTI_Data_sharing/DTI_Data_sharing_MECFS-GO/CFS_073/DTI_FA.nii.gz,690811,687900,5ea13d8d,file
DTI_Data_sharing/DTI_Data_sharing_MECFS-GO/CFS_073/DTI_MD.nii.gz,677608,674451,7907aa7c,file
DTI_Data_sharing/DTI_Data_sharing_MECFS-GO/CFS_073/DTI_RD.nii.gz,686405,683451,8763bef4,file
DTI_Data_sharing/DTI_Data_sharing_MECFS-GO/CFS_074/,0,0,00000000,directory
DTI_Data_sharing/DTI_Data_sharing_MECFS-GO/CFS_074/DTI_AD.nii.gz,745527,742757,296e619c,file
DTI_Data_sharing/DTI_Data_sharing_MECFS-GO/CFS_074/DTI_FA.nii.gz,774867,772376,55bf678e,file
DTI_Data_sharing/DTI_Data_sharing_MECFS-GO/CFS_074/DTI_MD.nii.gz,760662,757779,53344a8d,file
DTI_Data_sharing/DTI_Data_sharing_MECFS-GO/CFS_074/DTI_RD.nii.gz,770731,768210,1e6e2536,file
DTI_Data_sharing/DTI_Data_sharing_MECFS-GO/CFS_087/,0,0,00000000,directory
DTI_Data_sharing/DTI_Data_sharing_MECFS-GO/CFS_087/DTI_AD.nii.gz,725624,722861,53cd46e6,file
DTI_Data_sharing/DTI_Data_sharing_MECFS-GO/CFS_087/DTI_FA.nii.gz,755217,752624,d83b1a1e,file
DTI_Data_sharing/DTI_Data_sharing_MECFS-GO/CFS_087/DTI_MD.nii.gz,743804,741104,b05850d8,file
DTI_Data_sharing/DTI_Data_sharing_MECFS-GO/CFS_087/DTI_RD.nii.gz,750278,747770,445a2a54,file
DTI_Data_sharing/DTI_Data_sharing_MECFS-GO/CFS_088/,0,0,00000000,directory
DTI_Data_sharing/DTI_Data_sharing_MECFS-GO/CFS_088/DTI_AD.nii.gz,691309,688329,92da5417,file
DTI_Data_sharing/DTI_Data_sharing_MECFS-GO/CFS_088/DTI_FA.nii.gz,717752,714945,22419c27,file
DTI_Data_sharing/DTI_Data_sharing_MECFS-GO/CFS_088/DTI_MD.nii.gz,707927,704862,6bacd5a4,file
DTI_Data_sharing/DTI_Data_sharing_MECFS-GO/CFS_088/DTI_RD.nii.gz,714330,711487,562c27a1,file
DTI_Data_sharing/DTI_Data_sharing_MECFS-GO/CFS_091/,0,0,00000000,directory
DTI_Data_sharing/DTI_Data_sharing_MECFS-GO/CFS_091/DTI_AD.nii.gz,733905,730978,7d348e23,file
DTI_Data_sharing/DTI_Data_sharing_MECFS-GO/CFS_091/DTI_FA.nii.gz,763394,760661,2c1d1aec,file
DTI_Data_sharing/DTI_Data_sharing_MECFS-GO/CFS_091/DTI_MD.nii.gz,746418,743390,35bedce2,file
DTI_Data_sharing/DTI_Data_sharing_MECFS-GO/CFS_091/DTI_RD.nii.gz,757834,755078,094103ab,file
DTI_Data_sharing/DTI_Data_sharing_MECFS-GO/CFS_094/,0,0,00000000,directory
DTI_Data_sharing/DTI_Data_sharing_MECFS-GO/CFS_094/DTI_AD.nii.gz,604630,601069,758292c4,file
DTI_Data_sharing/DTI_Data_sharing_MECFS-GO/CFS_094/DTI_FA.nii.gz,627600,624177,66ef06a4,file
DTI_Data_sharing/DTI_Data_sharing_MECFS-GO/CFS_094/DTI_MD.nii.gz,617214,613576,f3c1ab21,file
DTI_Data_sharing/DTI_Data_sharing_MECFS-GO/CFS_094/DTI_RD.nii.gz,623913,620473,869734e4,file
DTI_Data_sharing/DTI_Data_sharing_MECFS-GO/CFS_097/,0,0,00000000,directory
DTI_Data_sharing/DTI_Data_sharing_MECFS-GO/CFS_097/DTI_AD.nii.gz,753302,750378,3afc9e98,file
DTI_Data_sharing/DTI_Data_sharing_MECFS-GO/CFS_097/DTI_FA.nii.gz,784325,781654,362a32a8,file
DTI_Data_sharing/DTI_Data_sharing_MECFS-GO/CFS_097/DTI_MD.nii.gz,769359,766274,fd637504,file
DTI_Data_sharing/DTI_Data_sharing_MECFS-GO/CFS_097/DTI_RD.nii.gz,778863,776142,a348b5d6,file
DTI_Data_sharing/DTI_Data_sharing_MECFS-GO/CFS_098/,0,0,00000000,directory
DTI_Data_sharing/DTI_Data_sharing_MECFS-GO/CFS_098/DTI_AD.nii.gz,791562,788963,3b8c4c73,file
DTI_Data_sharing/DTI_Data_sharing_MECFS-GO/CFS_098/DTI_FA.nii.gz,824133,821662,31ac1edc,file
DTI_Data_sharing/DTI_Data_sharing_MECFS-GO/CFS_098/DTI_MD.nii.gz,808998,806341,3164d2be,file
DTI_Data_sharing/DTI_Data_sharing_MECFS-GO/CFS_098/DTI_RD.nii.gz,818378,816029,872a3924,file
DTI_Data_sharing/DTI_Data_sharing_MECFS-GO/CFS_100/,0,0,00000000,directory
DTI_Data_sharing/DTI_Data_sharing_MECFS-GO/CFS_100/DTI_AD.nii.gz,691772,688573,d6248f0d,file
DTI_Data_sharing/DTI_Data_sharing_MECFS-GO/CFS_100/DTI_FA.nii.gz,720755,717718,cb40949f,file
DTI_Data_sharing/DTI_Data_sharing_MECFS-GO/CFS_100/DTI_MD.nii.gz,702012,698834,483796be,file
DTI_Data_sharing/DTI_Data_sharing_MECFS-GO/CFS_100/DTI_RD.nii.gz,714442,711503,12bb876c,file
DTI_Data_sharing/DTI_Data_sharing_MECFS-GO/CFS_104/,0,0,00000000,directory
DTI_Data_sharing/DTI_Data_sharing_MECFS-GO/CFS_104/DTI_AD.nii.gz,697483,694566,99c5b222,file
DTI_Data_sharing/DTI_Data_sharing_MECFS-GO/CFS_104/DTI_FA.nii.gz,724863,722037,c2c10423,file
DTI_Data_sharing/DTI_Data_sharing_MECFS-GO/CFS_104/DTI_MD.nii.gz,712159,708756,8662cdbf,file
DTI_Data_sharing/DTI_Data_sharing_MECFS-GO/CFS_104/DTI_RD.nii.gz,720299,717316,7b6600c7,file
DTI_Data_sharing/DTI_Data_sharing_MECFS-GO/CFS_107/,0,0,00000000,directory
DTI_Data_sharing/DTI_Data_sharing_MECFS-GO/CFS_107/DTI_AD.nii.gz,735117,732477,339f2183,file
DTI_Data_sharing/DTI_Data_sharing_MECFS-GO/CFS_107/DTI_FA.nii.gz,764321,761809,6c845d23,file
DTI_Data_sharing/DTI_Data_sharing_MECFS-GO/CFS_107/DTI_MD.nii.gz,743786,740948,4756e29f,file
DTI_Data_sharing/DTI_Data_sharing_MECFS-GO/CFS_107/DTI_RD.nii.gz,759633,756941,66138a75,file
DTI_Data_sharing/DTI_Data_sharing_MECFS-GO/CFS_108/,0,0,00000000,directory
DTI_Data_sharing/DTI_Data_sharing_MECFS-GO/CFS_108/DTI_AD.nii.gz,775166,772792,57b9ab58,file
DTI_Data_sharing/DTI_Data_sharing_MECFS-GO/CFS_108/DTI_FA.nii.gz,807736,805473,8dd36b58,file
DTI_Data_sharing/DTI_Data_sharing_MECFS-GO/CFS_108/DTI_MD.nii.gz,792248,789709,adc5b0d6,file
DTI_Data_sharing/DTI_Data_sharing_MECFS-GO/CFS_108/DTI_RD.nii.gz,802345,800166,75ac8123,file
DTI_Data_sharing/DTI_Data_sharing_MECFS-GO/CFS_116/,0,0,00000000,directory
DTI_Data_sharing/DTI_Data_sharing_MECFS-GO/CFS_116/DTI_AD.nii.gz,738746,735773,e6ed6c71,file
DTI_Data_sharing/DTI_Data_sharing_MECFS-GO/CFS_116/DTI_FA.nii.gz,769938,767272,9ba446f8,file
DTI_Data_sharing/DTI_Data_sharing_MECFS-GO/CFS_116/DTI_MD.nii.gz,754083,750966,aacf8594,file
DTI_Data_sharing/DTI_Data_sharing_MECFS-GO/CFS_116/DTI_RD.nii.gz,763812,760978,9b36ec68,file
DTI_Data_sharing/DTI_Data_sharing_MECFS-GO/CFS_120/,0,0,00000000,directory
DTI_Data_sharing/DTI_Data_sharing_MECFS-GO/CFS_120/DTI_AD.nii.gz,712678,709807,31a7c81d,file
DTI_Data_sharing/DTI_Data_sharing_MECFS-GO/CFS_120/DTI_FA.nii.gz,739156,736349,04da2736,file
DTI_Data_sharing/DTI_Data_sharing_MECFS-GO/CFS_120/DTI_MD.nii.gz,728727,725706,a289e285,file
DTI_Data_sharing/DTI_Data_sharing_MECFS-GO/CFS_120/DTI_RD.nii.gz,736828,734034,c0f3417c,file
DTI_Data_sharing/DTI_Data_sharing_MECFS-GO/CFS_125/,0,0,00000000,directory
DTI_Data_sharing/DTI_Data_sharing_MECFS-GO/CFS_125/DTI_AD.nii.gz,622066,618703,ec3d8566,file
DTI_Data_sharing/DTI_Data_sharing_MECFS-GO/CFS_125/DTI_FA.nii.gz,646066,642855,725e5330,file
DTI_Data_sharing/DTI_Data_sharing_MECFS-GO/CFS_125/DTI_MD.nii.gz,634601,631072,89696c77,file
DTI_Data_sharing/DTI_Data_sharing_MECFS-GO/CFS_125/DTI_RD.nii.gz,643169,639963,9d0f8bcd,file
DTI_Data_sharing/DTI_Data_sharing_MECFS-GO/CFS_128/,0,0,00000000,directory
DTI_Data_sharing/DTI_Data_sharing_MECFS-GO/CFS_128/DTI_AD.nii.gz,704290,700922,ad88db38,file
DTI_Data_sharing/DTI_Data_sharing_MECFS-GO/CFS_128/DTI_FA.nii.gz,731722,728459,f9c7daa3,file
DTI_Data_sharing/DTI_Data_sharing_MECFS-GO/CFS_128/DTI_MD.nii.gz,720487,717028,832ac914,file
DTI_Data_sharing/DTI_Data_sharing_MECFS-GO/CFS_128/DTI_RD.nii.gz,727594,724363,1df778cf,file
DTI_Data_sharing/DTI_Data_sharing_MECFS-GO/CFS_134/,0,0,00000000,directory
DTI_Data_sharing/DTI_Data_sharing_MECFS-GO/CFS_134/DTI_AD.nii.gz,816966,814415,e1f87faa,file
DTI_Data_sharing/DTI_Data_sharing_MECFS-GO/CFS_134/DTI_FA.nii.gz,850377,847950,e6896863,file
DTI_Data_sharing/DTI_Data_sharing_MECFS-GO/CFS_134/DTI_MD.nii.gz,834730,832158,29c177ff,file
DTI_Data_sharing/DTI_Data_sharing_MECFS-GO/CFS_134/DTI_RD.nii.gz,845962,843623,5f2d90d7,file
DTI_Data_sharing/DTI_Data_sharing_MECFS-GO/CFS_135/,0,0,00000000,directory
DTI_Data_sharing/DTI_Data_sharing_MECFS-GO/CFS_135/DTI_AD.nii.gz,812657,810267,b7b3bf8a,file
DTI_Data_sharing/DTI_Data_sharing_MECFS-GO/CFS_135/DTI_FA.nii.gz,845352,843173,896b04f9,file
DTI_Data_sharing/DTI_Data_sharing_MECFS-GO/CFS_135/DTI_MD.nii.gz,827991,825568,a60bd10a,file
DTI_Data_sharing/DTI_Data_sharing_MECFS-GO/CFS_135/DTI_RD.nii.gz,839499,837374,4d3ca0cd,file
DTI_Data_sharing/DTI_Data_sharing_MECFS-GO/CFS_138/,0,0,00000000,directory
DTI_Data_sharing/DTI_Data_sharing_MECFS-GO/CFS_138/DTI_AD.nii.gz,733066,729912,58429ee8,file
DTI_Data_sharing/DTI_Data_sharing_MECFS-GO/CFS_138/DTI_FA.nii.gz,763076,760084,b7ffd5ae,file
DTI_Data_sharing/DTI_Data_sharing_MECFS-GO/CFS_138/DTI_MD.nii.gz,748478,745154,2dfcae68,file
DTI_Data_sharing/DTI_Data_sharing_MECFS-GO/CFS_138/DTI_RD.nii.gz,758019,754927,0f02e257,file
DTI_Data_sharing/DTI_Data_sharing_MECFS-GO/CFS_143/,0,0,00000000,directory
DTI_Data_sharing/DTI_Data_sharing_MECFS-GO/CFS_143/DTI_AD.nii.gz,764982,762255,1b210488,file
DTI_Data_sharing/DTI_Data_sharing_MECFS-GO/CFS_143/DTI_FA.nii.gz,794822,792290,33127a37,file
DTI_Data_sharing/DTI_Data_sharing_MECFS-GO/CFS_143/DTI_MD.nii.gz,778622,775759,81c48968,file
DTI_Data_sharing/DTI_Data_sharing_MECFS-GO/CFS_143/DTI_RD.nii.gz,789397,786867,6e1e0170,file
DTI_Data_sharing/DTI_Data_sharing_MECFS-GO/CFS_146/,0,0,00000000,directory
DTI_Data_sharing/DTI_Data_sharing_MECFS-GO/CFS_146/DTI_AD.nii.gz,674184,670702,3ed7bdf0,file
DTI_Data_sharing/DTI_Data_sharing_MECFS-GO/CFS_146/DTI_FA.nii.gz,699934,696628,7555b648,file
DTI_Data_sharing/DTI_Data_sharing_MECFS-GO/CFS_146/DTI_MD.nii.gz,688368,684826,51ae757d,file
DTI_Data_sharing/DTI_Data_sharing_MECFS-GO/CFS_146/DTI_RD.nii.gz,696306,693013,74eb6a68,file
DTI_Data_sharing/DTI_Data_sharing_MECFS-GO/CFS_147/,0,0,00000000,directory
DTI_Data_sharing/DTI_Data_sharing_MECFS-GO/CFS_147/DTI_AD.nii.gz,735200,732444,9f332043,file
DTI_Data_sharing/DTI_Data_sharing_MECFS-GO/CFS_147/DTI_FA.nii.gz,764660,762072,bb323101,file
DTI_Data_sharing/DTI_Data_sharing_MECFS-GO/CFS_147/DTI_MD.nii.gz,748475,745678,8acacb41,file
DTI_Data_sharing/DTI_Data_sharing_MECFS-GO/CFS_147/DTI_RD.nii.gz,759637,757123,c11d0214,file
DTI_Data_sharing/DTI_Data_sharing_MECFS-GO/CFS_152/,0,0,00000000,directory
DTI_Data_sharing/DTI_Data_sharing_MECFS-GO/CFS_152/DTI_AD.nii.gz,799307,796301,cd78315b,file
DTI_Data_sharing/DTI_Data_sharing_MECFS-GO/CFS_152/DTI_FA.nii.gz,832672,829795,2cff4c49,file
DTI_Data_sharing/DTI_Data_sharing_MECFS-GO/CFS_152/DTI_MD.nii.gz,813531,810481,0c0a976c,file
DTI_Data_sharing/DTI_Data_sharing_MECFS-GO/CFS_152/DTI_RD.nii.gz,825211,822356,622783d3,file
DTI_Data_sharing/DTI_Data_sharing_MECFS-GO/CFS_154/,0,0,00000000,directory
DTI_Data_sharing/DTI_Data_sharing_MECFS-GO/CFS_154/DTI_AD.nii.gz,726082,723101,eb0818ac,file
DTI_Data_sharing/DTI_Data_sharing_MECFS-GO/CFS_154/DTI_FA.nii.gz,755018,752187,885e1c91,file
DTI_Data_sharing/DTI_Data_sharing_MECFS-GO/CFS_154/DTI_MD.nii.gz,740868,737826,ba8081e3,file
DTI_Data_sharing/DTI_Data_sharing_MECFS-GO/CFS_154/DTI_RD.nii.gz,750778,747825,22569839,file
DTI_Data_sharing/DTI_Data_sharing_MECFS-GO/CFS_155/,0,0,00000000,directory
DTI_Data_sharing/DTI_Data_sharing_MECFS-GO/CFS_155/DTI_AD.nii.gz,727933,725040,0348b845,file
DTI_Data_sharing/DTI_Data_sharing_MECFS-GO/CFS_155/DTI_FA.nii.gz,757039,754343,c1b43451,file
DTI_Data_sharing/DTI_Data_sharing_MECFS-GO/CFS_155/DTI_MD.nii.gz,742597,739604,f504fda7,file
DTI_Data_sharing/DTI_Data_sharing_MECFS-GO/CFS_155/DTI_RD.nii.gz,752596,749875,fbcd4c65,file
DTI_Data_sharing/DTI_Data_sharing_MECFS-GO/CFS_168/,0,0,00000000,directory
DTI_Data_sharing/DTI_Data_sharing_MECFS-GO/CFS_168/DTI_AD.nii.gz,679777,676213,804b6875,file
DTI_Data_sharing/DTI_Data_sharing_MECFS-GO/CFS_168/DTI_FA.nii.gz,703599,700148,90de8983,file
DTI_Data_sharing/DTI_Data_sharing_MECFS-GO/CFS_168/DTI_MD.nii.gz,693777,690149,d72832f6,file
DTI_Data_sharing/DTI_Data_sharing_MECFS-GO/CFS_168/DTI_RD.nii.gz,702030,698684,97feedb3,file
DTI_Data_sharing/DTI_Data_sharing_MECFS-GO/CFS_174/,0,0,00000000,directory
DTI_Data_sharing/DTI_Data_sharing_MECFS-GO/CFS_174/DTI_AD.nii.gz,679340,676005,e83dcd67,file
DTI_Data_sharing/DTI_Data_sharing_MECFS-GO/CFS_174/DTI_FA.nii.gz,705035,701900,ae4f02c8,file
DTI_Data_sharing/DTI_Data_sharing_MECFS-GO/CFS_174/DTI_MD.nii.gz,691734,688356,3d3f8346,file
DTI_Data_sharing/DTI_Data_sharing_MECFS-GO/CFS_174/DTI_RD.nii.gz,701050,697893,ac8d26d8,file
DTI_Data_sharing/DTI_Data_sharing_MECFS-GO/CFS_181/,0,0,00000000,directory
DTI_Data_sharing/DTI_Data_sharing_MECFS-GO/CFS_181/DTI_AD.nii.gz,873135,870703,93e1dd23,file
DTI_Data_sharing/DTI_Data_sharing_MECFS-GO/CFS_181/DTI_FA.nii.gz,908996,906788,8f236d3d,file
DTI_Data_sharing/DTI_Data_sharing_MECFS-GO/CFS_181/DTI_MD.nii.gz,892187,889718,cfb5ec04,file
DTI_Data_sharing/DTI_Data_sharing_MECFS-GO/CFS_181/DTI_RD.nii.gz,902121,899908,a8298644,file
DTI_Data_sharing/DTI_Data_sharing_MECFS-GO/CFS_184/,0,0,00000000,directory
DTI_Data_sharing/DTI_Data_sharing_MECFS-GO/CFS_184/DTI_AD.nii.gz,684325,681104,a6538ac5,file
DTI_Data_sharing/DTI_Data_sharing_MECFS-GO/CFS_184/DTI_FA.nii.gz,709756,706621,8598f11d,file
DTI_Data_sharing/DTI_Data_sharing_MECFS-GO/CFS_184/DTI_MD.nii.gz,696993,693691,7db01980,file
DTI_Data_sharing/DTI_Data_sharing_MECFS-GO/CFS_184/DTI_RD.nii.gz,706887,703783,6be185f5,file
DTI_Data_sharing/DTI_Data_sharing_MECFS-GO/CFS_189/,0,0,00000000,directory
DTI_Data_sharing/DTI_Data_sharing_MECFS-GO/CFS_189/DTI_AD.nii.gz,709200,706077,94f133a8,file
DTI_Data_sharing/DTI_Data_sharing_MECFS-GO/CFS_189/DTI_FA.nii.gz,736496,733470,1011142b,file
DTI_Data_sharing/DTI_Data_sharing_MECFS-GO/CFS_189/DTI_MD.nii.gz,724451,721198,37dc2fef,file
DTI_Data_sharing/DTI_Data_sharing_MECFS-GO/CFS_189/DTI_RD.nii.gz,733681,730652,c2885fc5,file
DTI_Data_sharing/DTI_Data_sharing_MECFS-GO/CFS_190/,0,0,00000000,directory
DTI_Data_sharing/DTI_Data_sharing_MECFS-GO/CFS_190/DTI_AD.nii.gz,695656,692175,6a1fe4b0,file
DTI_Data_sharing/DTI_Data_sharing_MECFS-GO/CFS_190/DTI_FA.nii.gz,723707,720375,0c0000cb,file
DTI_Data_sharing/DTI_Data_sharing_MECFS-GO/CFS_190/DTI_MD.nii.gz,708256,704690,d2747f06,file
DTI_Data_sharing/DTI_Data_sharing_MECFS-GO/CFS_190/DTI_RD.nii.gz,719144,715708,a83a4796,file
DTI_Data_sharing/DTI_Data_sharing_MECFS-GO/CFS_191/,0,0,00000000,directory
DTI_Data_sharing/DTI_Data_sharing_MECFS-GO/CFS_191/DTI_AD.nii.gz,799284,796642,4443da6c,file
DTI_Data_sharing/DTI_Data_sharing_MECFS-GO/CFS_191/DTI_FA.nii.gz,831287,828752,20a13db3,file
DTI_Data_sharing/DTI_Data_sharing_MECFS-GO/CFS_191/DTI_MD.nii.gz,814015,811277,0245ad8b,file
DTI_Data_sharing/DTI_Data_sharing_MECFS-GO/CFS_191/DTI_RD.nii.gz,826469,823927,8f2140cd,file
DTI_Data_sharing/DTI_Data_sharing_MECFS-GO/CFS_194/,0,0,00000000,directory
DTI_Data_sharing/DTI_Data_sharing_MECFS-GO/CFS_194/DTI_AD.nii.gz,618029,614186,eb1b8d59,file
DTI_Data_sharing/DTI_Data_sharing_MECFS-GO/CFS_194/DTI_FA.nii.gz,641286,637559,5f443da8,file
DTI_Data_sharing/DTI_Data_sharing_MECFS-GO/CFS_194/DTI_MD.nii.gz,630534,626632,9b21bfa6,file
DTI_Data_sharing/DTI_Data_sharing_MECFS-GO/CFS_194/DTI_RD.nii.gz,638884,635185,3359cbcd,file
DTI_Data_sharing/DTI_Data_sharing_MECFS-GO/CFS_195/,0,0,00000000,directory
DTI_Data_sharing/DTI_Data_sharing_MECFS-GO/CFS_195/DTI_AD.nii.gz,726838,723708,0b6cc144,file
DTI_Data_sharing/DTI_Data_sharing_MECFS-GO/CFS_195/DTI_FA.nii.gz,753727,750838,c84ee63f,file
DTI_Data_sharing/DTI_Data_sharing_MECFS-GO/CFS_195/DTI_MD.nii.gz,743622,740484,2f118567,file
DTI_Data_sharing/DTI_Data_sharing_MECFS-GO/CFS_195/DTI_RD.nii.gz,751043,748187,dcc95aaf,file
DTI_Data_sharing/DTI_Data_sharing_MECFS-GO/CFS_197/,0,0,00000000,directory
DTI_Data_sharing/DTI_Data_sharing_MECFS-GO/CFS_197/DTI_AD.nii.gz,667363,664110,4f6c3b01,file
DTI_Data_sharing/DTI_Data_sharing_MECFS-GO/CFS_197/DTI_FA.nii.gz,693113,689977,3357e299,file
DTI_Data_sharing/DTI_Data_sharing_MECFS-GO/CFS_197/DTI_MD.nii.gz,679919,676611,63b0824a,file
DTI_Data_sharing/DTI_Data_sharing_MECFS-GO/CFS_197/DTI_RD.nii.gz,689457,686346,84435981,file
DTI_Data_sharing/DTI_Data_sharing_MECFS-GO/CFS_208/,0,0,00000000,directory
DTI_Data_sharing/DTI_Data_sharing_MECFS-GO/CFS_208/DTI_AD.nii.gz,653514,650035,2ec44160,file
DTI_Data_sharing/DTI_Data_sharing_MECFS-GO/CFS_208/DTI_FA.nii.gz,679537,676198,29ec8256,file
DTI_Data_sharing/DTI_Data_sharing_MECFS-GO/CFS_208/DTI_MD.nii.gz,664980,661434,588ec10b,file
DTI_Data_sharing/DTI_Data_sharing_MECFS-GO/CFS_208/DTI_RD.nii.gz,675577,672215,322ca950,file
DTI_Data_sharing/DTI_Data_sharing_MECFS-GO/CFS_209/,0,0,00000000,directory
DTI_Data_sharing/DTI_Data_sharing_MECFS-GO/CFS_209/DTI_AD.nii.gz,716086,713107,ccb9adc4,file
DTI_Data_sharing/DTI_Data_sharing_MECFS-GO/CFS_209/DTI_FA.nii.gz,744396,741501,a8229789,file
DTI_Data_sharing/DTI_Data_sharing_MECFS-GO/CFS_209/DTI_MD.nii.gz,728238,725214,323d76b9,file
DTI_Data_sharing/DTI_Data_sharing_MECFS-GO/CFS_209/DTI_RD.nii.gz,740640,737736,d6b9f057,file
DTI_Data_sharing/DTI_Data_sharing_MECFS-GO/CFS_211/,0,0,00000000,directory
DTI_Data_sharing/DTI_Data_sharing_MECFS-GO/CFS_211/DTI_AD.nii.gz,619430,615549,c2d4bdd5,file
DTI_Data_sharing/DTI_Data_sharing_MECFS-GO/CFS_211/DTI_FA.nii.gz,641884,638111,76708d4e,file
DTI_Data_sharing/DTI_Data_sharing_MECFS-GO/CFS_211/DTI_MD.nii.gz,631142,627171,bf12ae3a,file
DTI_Data_sharing/DTI_Data_sharing_MECFS-GO/CFS_211/DTI_RD.nii.gz,639699,635941,40b79e65,file
DTI_Data_sharing/DTI_Data_sharing_MECFS-GO/CFS_215/,0,0,00000000,directory
DTI_Data_sharing/DTI_Data_sharing_MECFS-GO/CFS_215/DTI_AD.nii.gz,668943,665490,b134ca6f,file
DTI_Data_sharing/DTI_Data_sharing_MECFS-GO/CFS_215/DTI_FA.nii.gz,695372,692114,365101c3,file
DTI_Data_sharing/DTI_Data_sharing_MECFS-GO/CFS_215/DTI_MD.nii.gz,680449,676968,cc27e399,file
DTI_Data_sharing/DTI_Data_sharing_MECFS-GO/CFS_215/DTI_RD.nii.gz,691429,688056,9b84907c,file
DTI_Data_sharing/DTI_Data_sharing_MECFS-GO/CFS_216/,0,0,00000000,directory
DTI_Data_sharing/DTI_Data_sharing_MECFS-GO/CFS_216/DTI_AD.nii.gz,701692,698741,d18fd918,file
DTI_Data_sharing/DTI_Data_sharing_MECFS-GO/CFS_216/DTI_FA.nii.gz,729551,726776,47c23e82,file
DTI_Data_sharing/DTI_Data_sharing_MECFS-GO/CFS_216/DTI_MD.nii.gz,712706,709716,94164ebb,file
DTI_Data_sharing/DTI_Data_sharing_MECFS-GO/CFS_216/DTI_RD.nii.gz,724973,722145,44d5bf96,file
DTI_Data_sharing/DTI_Data_sharing_MECFS-GO/CFS_218/,0,0,00000000,directory
DTI_Data_sharing/DTI_Data_sharing_MECFS-GO/CFS_218/DTI_AD.nii.gz,746886,743518,e2cfce5c,file
DTI_Data_sharing/DTI_Data_sharing_MECFS-GO/CFS_218/DTI_FA.nii.gz,777203,773970,808ef533,file
DTI_Data_sharing/DTI_Data_sharing_MECFS-GO/CFS_218/DTI_MD.nii.gz,759250,755743,bb5816f7,file
DTI_Data_sharing/DTI_Data_sharing_MECFS-GO/CFS_218/DTI_RD.nii.gz,772644,769350,11954a49,file
DTI_Data_sharing/DTI_Data_sharing_MECFS-GO/CFS_223/,0,0,00000000,directory
DTI_Data_sharing/DTI_Data_sharing_MECFS-GO/CFS_223/DTI_AD.nii.gz,675372,672007,23807409,file
DTI_Data_sharing/DTI_Data_sharing_MECFS-GO/CFS_223/DTI_FA.nii.gz,700215,697056,5be3efde,file
DTI_Data_sharing/DTI_Data_sharing_MECFS-GO/CFS_223/DTI_MD.nii.gz,689387,685961,ee6e7ea2,file
DTI_Data_sharing/DTI_Data_sharing_MECFS-GO/CFS_223/DTI_RD.nii.gz,697867,694731,36bd7090,file
DTI_Data_sharing/DTI_Data_sharing_MECFS-GO/CFS_224/,0,0,00000000,directory
DTI_Data_sharing/DTI_Data_sharing_MECFS-GO/CFS_224/DTI_AD.nii.gz,696669,693529,b4f543b4,file
DTI_Data_sharing/DTI_Data_sharing_MECFS-GO/CFS_224/DTI_FA.nii.gz,723726,720717,d3550ac3,file
DTI_Data_sharing/DTI_Data_sharing_MECFS-GO/CFS_224/DTI_MD.nii.gz,708346,705001,5311c056,file
DTI_Data_sharing/DTI_Data_sharing_MECFS-GO/CFS_224/DTI_RD.nii.gz,718969,715834,c5f05ea7,file
DTI_Data_sharing/DTI_Data_sharing_MECFS-GO/CFS_225/,0,0,00000000,directory
DTI_Data_sharing/DTI_Data_sharing_MECFS-GO/CFS_225/DTI_AD.nii.gz,807663,805266,fb519a29,file
DTI_Data_sharing/DTI_Data_sharing_MECFS-GO/CFS_225/DTI_FA.nii.gz,841409,839028,8a1914a6,file
DTI_Data_sharing/DTI_Data_sharing_MECFS-GO/CFS_225/DTI_MD.nii.gz,821055,818502,db847820,file
DTI_Data_sharing/DTI_Data_sharing_MECFS-GO/CFS_225/DTI_RD.nii.gz,835304,833123,4a4ba8da,file
DTI_Data_sharing/DTI_Data_sharing_MECFS-GO/CFS_234/,0,0,00000000,directory
DTI_Data_sharing/DTI_Data_sharing_MECFS-GO/CFS_234/DTI_AD.nii.gz,807255,804521,4b10af19,file
DTI_Data_sharing/DTI_Data_sharing_MECFS-GO/CFS_234/DTI_FA.nii.gz,839635,837022,8f8c91dc,file
DTI_Data_sharing/DTI_Data_sharing_MECFS-GO/CFS_234/DTI_MD.nii.gz,822271,819544,fdee0c16,file
DTI_Data_sharing/DTI_Data_sharing_MECFS-GO/CFS_234/DTI_RD.nii.gz,834190,831526,1c79bb71,file
DTI_Data_sharing/DTI_Data_sharing_MECFS-GO/CFS_235/,0,0,00000000,directory
DTI_Data_sharing/DTI_Data_sharing_MECFS-GO/CFS_235/DTI_AD.nii.gz,767202,764553,b4942b54,file
DTI_Data_sharing/DTI_Data_sharing_MECFS-GO/CFS_235/DTI_FA.nii.gz,796769,794256,a7314097,file
DTI_Data_sharing/DTI_Data_sharing_MECFS-GO/CFS_235/DTI_MD.nii.gz,776245,773592,ba4dfec3,file
DTI_Data_sharing/DTI_Data_sharing_MECFS-GO/CFS_235/DTI_RD.nii.gz,791214,788650,cf2102a2,file
DTI_Data_sharing/DTI_Data_sharing_MECFS-GO/CFS_237/,0,0,00000000,directory
DTI_Data_sharing/DTI_Data_sharing_MECFS-GO/CFS_237/DTI_AD.nii.gz,730815,727897,6b6f34f7,file
DTI_Data_sharing/DTI_Data_sharing_MECFS-GO/CFS_237/DTI_FA.nii.gz,760104,757317,699056ba,file
DTI_Data_sharing/DTI_Data_sharing_MECFS-GO/CFS_237/DTI_MD.nii.gz,745083,742162,454c3108,file
DTI_Data_sharing/DTI_Data_sharing_MECFS-GO/CFS_237/DTI_RD.nii.gz,755227,752453,0c099ed9,file
DTI_Data_sharing/DTI_Data_sharing_MECFS-GO/CFS_238/,0,0,00000000,directory
DTI_Data_sharing/DTI_Data_sharing_MECFS-GO/CFS_238/DTI_AD.nii.gz,738658,735535,c35cf89d,file
DTI_Data_sharing/DTI_Data_sharing_MECFS-GO/CFS_238/DTI_FA.nii.gz,767744,764774,02a8b789,file
DTI_Data_sharing/DTI_Data_sharing_MECFS-GO/CFS_238/DTI_MD.nii.gz,751769,748570,ab88a1f7,file
DTI_Data_sharing/DTI_Data_sharing_MECFS-GO/CFS_238/DTI_RD.nii.gz,762934,759987,af1c3fd6,file
DTI_Data_sharing/DTI_Data_sharing_MECFS-GO/CFS_251/,0,0,00000000,directory
DTI_Data_sharing/DTI_Data_sharing_MECFS-GO/CFS_251/DTI_AD.nii.gz,622152,618993,edaf405f,file
DTI_Data_sharing/DTI_Data_sharing_MECFS-GO/CFS_251/DTI_FA.nii.gz,645736,642778,48934ffb,file
DTI_Data_sharing/DTI_Data_sharing_MECFS-GO/CFS_251/DTI_MD.nii.gz,635216,632051,672bc774,file
DTI_Data_sharing/DTI_Data_sharing_MECFS-GO/CFS_251/DTI_RD.nii.gz,641915,638845,124baaef,file
DTI_Data_sharing/DTI_Data_sharing_MECFS-GO/CFS_259/,0,0,00000000,directory
DTI_Data_sharing/DTI_Data_sharing_MECFS-GO/CFS_259/DTI_AD.nii.gz,663974,660472,8efa0b45,file
DTI_Data_sharing/DTI_Data_sharing_MECFS-GO/CFS_259/DTI_FA.nii.gz,688909,685554,1c4126fe,file
DTI_Data_sharing/DTI_Data_sharing_MECFS-GO/CFS_259/DTI_MD.nii.gz,673861,670299,d851a63b,file
DTI_Data_sharing/DTI_Data_sharing_MECFS-GO/CFS_259/DTI_RD.nii.gz,685372,682084,cb392ec5,file
DTI_Data_sharing/DTI_Data_sharing_MECFS-GO/CFS_267/,0,0,00000000,directory
DTI_Data_sharing/DTI_Data_sharing_MECFS-GO/CFS_267/DTI_AD.nii.gz,733742,730441,4e186800,file
DTI_Data_sharing/DTI_Data_sharing_MECFS-GO/CFS_267/DTI_FA.nii.gz,761197,758013,a1c0a382,file
DTI_Data_sharing/DTI_Data_sharing_MECFS-GO/CFS_267/DTI_MD.nii.gz,749902,746621,bef307f2,file
DTI_Data_sharing/DTI_Data_sharing_MECFS-GO/CFS_267/DTI_RD.nii.gz,758073,754865,8d7f1971,file
DTI_Data_sharing/DTI_Data_sharing_MECFS-GO/CFS_270/,0,0,00000000,directory
DTI_Data_sharing/DTI_Data_sharing_MECFS-GO/CFS_270/DTI_AD.nii.gz,695373,692093,20d1af5d,file
DTI_Data_sharing/DTI_Data_sharing_MECFS-GO/CFS_270/DTI_FA.nii.gz,722061,718924,14281019,file
DTI_Data_sharing/DTI_Data_sharing_MECFS-GO/CFS_270/DTI_MD.nii.gz,706992,703595,2c61bc61,file
DTI_Data_sharing/DTI_Data_sharing_MECFS-GO/CFS_270/DTI_RD.nii.gz,718607,715458,8896f284,file
DTI_Data_sharing/DTI_Data_sharing_MECFS-GO/CFS_271/,0,0,00000000,directory
DTI_Data_sharing/DTI_Data_sharing_MECFS-GO/CFS_271/DTI_AD.nii.gz,658170,654627,6725a621,file
DTI_Data_sharing/DTI_Data_sharing_MECFS-GO/CFS_271/DTI_FA.nii.gz,683159,679847,c60ff895,file
DTI_Data_sharing/DTI_Data_sharing_MECFS-GO/CFS_271/DTI_MD.nii.gz,670756,667203,7c237e47,file
DTI_Data_sharing/DTI_Data_sharing_MECFS-GO/CFS_271/DTI_RD.nii.gz,680115,676825,a58ba482,file
DTI_Data_sharing/DTI_Data_sharing_MECFS-GO/CFS_272/,0,0,00000000,directory
DTI_Data_sharing/DTI_Data_sharing_MECFS-GO/CFS_272/DTI_AD.nii.gz,674386,670849,bc4060db,file
DTI_Data_sharing/DTI_Data_sharing_MECFS-GO/CFS_272/DTI_FA.nii.gz,701242,697883,b2f7ea38,file
DTI_Data_sharing/DTI_Data_sharing_MECFS-GO/CFS_272/DTI_MD.nii.gz,686603,683000,43af96e0,file
DTI_Data_sharing/DTI_Data_sharing_MECFS-GO/CFS_272/DTI_RD.nii.gz,696695,693350,1f27bd19,file
DTI_Data_sharing/DTI_Data_sharing_MECFS-GO/CFS_278/,0,0,00000000,directory
DTI_Data_sharing/DTI_Data_sharing_MECFS-GO/CFS_278/DTI_AD.nii.gz,693738,690630,2d2a96bc,file
DTI_Data_sharing/DTI_Data_sharing_MECFS-GO/CFS_278/DTI_FA.nii.gz,720985,718166,e8abdc5c,file
DTI_Data_sharing/DTI_Data_sharing_MECFS-GO/CFS_278/DTI_MD.nii.gz,703167,700036,21049bda,file
DTI_Data_sharing/DTI_Data_sharing_MECFS-GO/CFS_278/DTI_RD.nii.gz,716349,713394,f5a45c0e,file
DTI_Data_sharing/DTI_Data_sharing_MECFS-GO/CFS_280/,0,0,00000000,directory
DTI_Data_sharing/DTI_Data_sharing_MECFS-GO/CFS_280/DTI_AD.nii.gz,879660,876924,2f3d3b93,file
DTI_Data_sharing/DTI_Data_sharing_MECFS-GO/CFS_280/DTI_FA.nii.gz,915647,913123,c5dd8986,file
DTI_Data_sharing/DTI_Data_sharing_MECFS-GO/CFS_280/DTI_MD.nii.gz,899949,897027,057ff597,file
DTI_Data_sharing/DTI_Data_sharing_MECFS-GO/CFS_280/DTI_RD.nii.gz,908901,906387,4d571da6,file
DTI_Data_sharing/DTI_Data_sharing_MECFS-GO/CFS_289/,0,0,00000000,directory
DTI_Data_sharing/DTI_Data_sharing_MECFS-GO/CFS_289/DTI_AD.nii.gz,687559,684060,d4610303,file
DTI_Data_sharing/DTI_Data_sharing_MECFS-GO/CFS_289/DTI_FA.nii.gz,713656,710288,efa699ec,file
DTI_Data_sharing/DTI_Data_sharing_MECFS-GO/CFS_289/DTI_MD.nii.gz,703037,699511,b63b231d,file
DTI_Data_sharing/DTI_Data_sharing_MECFS-GO/CFS_289/DTI_RD.nii.gz,710170,706847,fdf7e350,file
DTI_Data_sharing/DTI_Data_sharing_MECFS-GO/CFS_293/,0,0,00000000,directory
DTI_Data_sharing/DTI_Data_sharing_MECFS-GO/CFS_293/DTI_AD.nii.gz,731525,728504,3bf58fd7,file
DTI_Data_sharing/DTI_Data_sharing_MECFS-GO/CFS_293/DTI_FA.nii.gz,760749,757874,deece16d,file
DTI_Data_sharing/DTI_Data_sharing_MECFS-GO/CFS_293/DTI_MD.nii.gz,743132,740031,7a044fa5,file
DTI_Data_sharing/DTI_Data_sharing_MECFS-GO/CFS_293/DTI_RD.nii.gz,756375,753497,7e2a7328,file
DTI_Data_sharing/DTI_Data_sharing_MECFS-GO/CFS_297/,0,0,00000000,directory
DTI_Data_sharing/DTI_Data_sharing_MECFS-GO/CFS_297/DTI_AD.nii.gz,682792,679675,c6d0bcf8,file
DTI_Data_sharing/DTI_Data_sharing_MECFS-GO/CFS_297/DTI_FA.nii.gz,709598,706610,9c0c8127,file
DTI_Data_sharing/DTI_Data_sharing_MECFS-GO/CFS_297/DTI_MD.nii.gz,694728,691506,e29c4497,file
DTI_Data_sharing/DTI_Data_sharing_MECFS-GO/CFS_297/DTI_RD.nii.gz,706187,703174,e4aaed6e,file
DTI_Data_sharing/DTI_Data_sharing_MECFS-GO/CFS_307/,0,0,00000000,directory
DTI_Data_sharing/DTI_Data_sharing_MECFS-GO/CFS_307/DTI_AD.nii.gz,724598,721678,21d5095e,file
DTI_Data_sharing/DTI_Data_sharing_MECFS-GO/CFS_307/DTI_FA.nii.gz,752566,749814,4ee867bd,file
DTI_Data_sharing/DTI_Data_sharing_MECFS-GO/CFS_307/DTI_MD.nii.gz,737033,733983,0580f3e6,file
DTI_Data_sharing/DTI_Data_sharing_MECFS-GO/CFS_307/DTI_RD.nii.gz,748305,745514,8df0e42c,file
DTI_Data_sharing/DTI_Data_sharing_MECFS-GO/CFS_310/,0,0,00000000,directory
DTI_Data_sharing/DTI_Data_sharing_MECFS-GO/CFS_310/DTI_AD.nii.gz,686753,683664,395d206f,file
DTI_Data_sharing/DTI_Data_sharing_MECFS-GO/CFS_310/DTI_FA.nii.gz,713780,710847,39c66229,file
DTI_Data_sharing/DTI_Data_sharing_MECFS-GO/CFS_310/DTI_MD.nii.gz,699087,695918,cc625016,file
DTI_Data_sharing/DTI_Data_sharing_MECFS-GO/CFS_310/DTI_RD.nii.gz,709036,706054,6284146f,file
DTI_Data_sharing/DTI_Data_sharing_MECFS-GO/CFS_313/,0,0,00000000,directory
DTI_Data_sharing/DTI_Data_sharing_MECFS-GO/CFS_313/DTI_AD.nii.gz,716997,714030,2398e4de,file
DTI_Data_sharing/DTI_Data_sharing_MECFS-GO/CFS_313/DTI_FA.nii.gz,744917,742193,dc3ccc63,file
DTI_Data_sharing/DTI_Data_sharing_MECFS-GO/CFS_313/DTI_MD.nii.gz,731239,728252,0d0e7ac5,file
DTI_Data_sharing/DTI_Data_sharing_MECFS-GO/CFS_313/DTI_RD.nii.gz,740537,737850,4c40a5f2,file
DTI_Data_sharing/DTI_Data_sharing_MECFS-GO/CFS_327/,0,0,00000000,directory
DTI_Data_sharing/DTI_Data_sharing_MECFS-GO/CFS_327/DTI_AD.nii.gz,718665,715483,c02617b3,file
DTI_Data_sharing/DTI_Data_sharing_MECFS-GO/CFS_327/DTI_FA.nii.gz,746274,743262,0258711b,file
DTI_Data_sharing/DTI_Data_sharing_MECFS-GO/CFS_327/DTI_MD.nii.gz,730187,726956,941970a1,file
DTI_Data_sharing/DTI_Data_sharing_MECFS-GO/CFS_327/DTI_RD.nii.gz,742466,739387,261ff0d6,file
DTI_Data_sharing/DTI_Data_sharing_MECFS-GO/CFS_328/,0,0,00000000,directory
DTI_Data_sharing/DTI_Data_sharing_MECFS-GO/CFS_328/DTI_AD.nii.gz,706360,703080,0b2bee3a,file
DTI_Data_sharing/DTI_Data_sharing_MECFS-GO/CFS_328/DTI_FA.nii.gz,734372,731267,112f6ecd,file
DTI_Data_sharing/DTI_Data_sharing_MECFS-GO/CFS_328/DTI_MD.nii.gz,719626,716288,5054e949,file
DTI_Data_sharing/DTI_Data_sharing_MECFS-GO/CFS_328/DTI_RD.nii.gz,730525,727518,4f535ac0,file
DTI_Data_sharing/DTI_Data_sharing_MECFS-GO/CFS_338/,0,0,00000000,directory
DTI_Data_sharing/DTI_Data_sharing_MECFS-GO/CFS_338/DTI_AD.nii.gz,758018,754878,9fa0a673,file
DTI_Data_sharing/DTI_Data_sharing_MECFS-GO/CFS_338/DTI_FA.nii.gz,787954,784971,e025c97e,file
DTI_Data_sharing/DTI_Data_sharing_MECFS-GO/CFS_338/DTI_MD.nii.gz,770403,767217,f8142b3a,file
DTI_Data_sharing/DTI_Data_sharing_MECFS-GO/CFS_338/DTI_RD.nii.gz,783356,780441,8fd1fe9d,file
DTI_Data_sharing/DTI_Data_sharing_MECFS-GO/CFS_341/,0,0,00000000,directory
DTI_Data_sharing/DTI_Data_sharing_MECFS-GO/CFS_341/DTI_AD.nii.gz,735421,732516,6f7a08b5,file
DTI_Data_sharing/DTI_Data_sharing_MECFS-GO/CFS_341/DTI_FA.nii.gz,765290,762517,9cbdaa23,file
DTI_Data_sharing/DTI_Data_sharing_MECFS-GO/CFS_341/DTI_MD.nii.gz,749973,746833,98728272,file
DTI_Data_sharing/DTI_Data_sharing_MECFS-GO/CFS_341/DTI_RD.nii.gz,759632,756779,ba3140ef,file
DTI_Data_sharing/DTI_Data_sharing_MECFS-GO/CFS_344/,0,0,00000000,directory
DTI_Data_sharing/DTI_Data_sharing_MECFS-GO/CFS_344/DTI_AD.nii.gz,685085,681875,0a2ba234,file
DTI_Data_sharing/DTI_Data_sharing_MECFS-GO/CFS_344/DTI_FA.nii.gz,710428,707296,40384752,file
DTI_Data_sharing/DTI_Data_sharing_MECFS-GO/CFS_344/DTI_MD.nii.gz,697873,694600,187cfaa2,file
DTI_Data_sharing/DTI_Data_sharing_MECFS-GO/CFS_344/DTI_RD.nii.gz,706948,703821,d43fa9bc,file
DTI_Data_sharing/DTI_Data_sharing_MECFS-GO/CFS_346/,0,0,00000000,directory
DTI_Data_sharing/DTI_Data_sharing_MECFS-GO/CFS_346/DTI_AD.nii.gz,683622,680016,652c12c8,file
DTI_Data_sharing/DTI_Data_sharing_MECFS-GO/CFS_346/DTI_FA.nii.gz,709836,706529,a3080304,file
DTI_Data_sharing/DTI_Data_sharing_MECFS-GO/CFS_346/DTI_MD.nii.gz,697944,694331,bdcd88d6,file
DTI_Data_sharing/DTI_Data_sharing_MECFS-GO/CFS_346/DTI_RD.nii.gz,705808,702414,028c7bae,file
DTI_Data_sharing/DTI_Data_sharing_MECFS-GO/CFS_349/,0,0,00000000,directory
DTI_Data_sharing/DTI_Data_sharing_MECFS-GO/CFS_349/DTI_AD.nii.gz,644459,641076,4caacd89,file
DTI_Data_sharing/DTI_Data_sharing_MECFS-GO/CFS_349/DTI_FA.nii.gz,668738,665496,f5b0a81a,file
DTI_Data_sharing/DTI_Data_sharing_MECFS-GO/CFS_349/DTI_MD.nii.gz,657875,654393,f70f8d42,file
DTI_Data_sharing/DTI_Data_sharing_MECFS-GO/CFS_349/DTI_RD.nii.gz,665740,662521,7604d8b2,file
DTI_Data_sharing/DTI_Data_sharing_MECFS-GO/CFS_354/,0,0,00000000,directory
DTI_Data_sharing/DTI_Data_sharing_MECFS-GO/CFS_354/DTI_AD.nii.gz,738976,736183,a5abffc5,file
DTI_Data_sharing/DTI_Data_sharing_MECFS-GO/CFS_354/DTI_FA.nii.gz,767220,764543,e74204a6,file
DTI_Data_sharing/DTI_Data_sharing_MECFS-GO/CFS_354/DTI_MD.nii.gz,754928,752072,18213bc9,file
DTI_Data_sharing/DTI_Data_sharing_MECFS-GO/CFS_354/DTI_RD.nii.gz,764511,761779,06d6ee73,file
DTI_Data_sharing/DTI_Data_sharing_MECFS-GO/CFS_358/,0,0,00000000,directory
DTI_Data_sharing/DTI_Data_sharing_MECFS-GO/CFS_358/DTI_AD.nii.gz,686073,682716,bb25d884,file
DTI_Data_sharing/DTI_Data_sharing_MECFS-GO/CFS_358/DTI_FA.nii.gz,711889,708721,0be3cdf7,file
DTI_Data_sharing/DTI_Data_sharing_MECFS-GO/CFS_358/DTI_MD.nii.gz,696511,693120,318f4522,file
DTI_Data_sharing/DTI_Data_sharing_MECFS-GO/CFS_358/DTI_RD.nii.gz,707539,704371,94b883e0,file
DTI_Data_sharing/DTI_Data_sharing_MECFS-GO/CFS_360/,0,0,00000000,directory
DTI_Data_sharing/DTI_Data_sharing_MECFS-GO/CFS_360/DTI_AD.nii.gz,808256,805899,af5e0892,file
DTI_Data_sharing/DTI_Data_sharing_MECFS-GO/CFS_360/DTI_FA.nii.gz,840653,838311,d36efc35,file
DTI_Data_sharing/DTI_Data_sharing_MECFS-GO/CFS_360/DTI_MD.nii.gz,823838,821342,dc25966d,file
DTI_Data_sharing/DTI_Data_sharing_MECFS-GO/CFS_360/DTI_RD.nii.gz,836230,833833,9c61850d,file
DTI_Data_sharing/DTI_Data_sharing_MECFS-GO/CFS_361/,0,0,00000000,directory
DTI_Data_sharing/DTI_Data_sharing_MECFS-GO/CFS_361/DTI_AD.nii.gz,792942,790060,d301689c,file
DTI_Data_sharing/DTI_Data_sharing_MECFS-GO/CFS_361/DTI_FA.nii.gz,822997,820194,75fb69a3,file
DTI_Data_sharing/DTI_Data_sharing_MECFS-GO/CFS_361/DTI_MD.nii.gz,807610,804716,b1ab8f1e,file
DTI_Data_sharing/DTI_Data_sharing_MECFS-GO/CFS_361/DTI_RD.nii.gz,817836,815090,917092bf,file
DTI_Data_sharing/DTI_Data_sharing_MECFS-GO/CFS_373/,0,0,00000000,directory
DTI_Data_sharing/DTI_Data_sharing_MECFS-GO/CFS_373/DTI_AD.nii.gz,793874,791162,67f95f52,file
DTI_Data_sharing/DTI_Data_sharing_MECFS-GO/CFS_373/DTI_FA.nii.gz,825385,822775,2f9abf64,file
DTI_Data_sharing/DTI_Data_sharing_MECFS-GO/CFS_373/DTI_MD.nii.gz,809848,807048,555332b7,file
DTI_Data_sharing/DTI_Data_sharing_MECFS-GO/CFS_373/DTI_RD.nii.gz,821628,819043,c92b2866,file
DTI_Data_sharing/DTI_Data_sharing_MECFS-GO/CFS_386/,0,0,00000000,directory
DTI_Data_sharing/DTI_Data_sharing_MECFS-GO/CFS_386/DTI_AD.nii.gz,657343,653721,fd8604eb,file
DTI_Data_sharing/DTI_Data_sharing_MECFS-GO/CFS_386/DTI_FA.nii.gz,684048,680518,f630324d,file
DTI_Data_sharing/DTI_Data_sharing_MECFS-GO/CFS_386/DTI_MD.nii.gz,669909,666177,822d96ba,file
DTI_Data_sharing/DTI_Data_sharing_MECFS-GO/CFS_386/DTI_RD.nii.gz,679439,675990,60ed8d22,file
DTI_Data_sharing/DTI_Data_sharing_MECFS-GO/CFS_388/,0,0,00000000,directory
DTI_Data_sharing/DTI_Data_sharing_MECFS-GO/CFS_388/DTI_AD.nii.gz,782960,779969,838d9508,file
DTI_Data_sharing/DTI_Data_sharing_MECFS-GO/CFS_388/DTI_FA.nii.gz,814912,812063,2dd3bc2e,file
DTI_Data_sharing/DTI_Data_sharing_MECFS-GO/CFS_388/DTI_MD.nii.gz,800047,796975,330f17f5,file
DTI_Data_sharing/DTI_Data_sharing_MECFS-GO/CFS_388/DTI_RD.nii.gz,810392,807565,421b43e2,file
DTI_Data_sharing/DTI_Data_sharing_MECFS-GO/CFS_389/,0,0,00000000,directory
DTI_Data_sharing/DTI_Data_sharing_MECFS-GO/CFS_389/DTI_AD.nii.gz,694462,690404,b9ecec4a,file
DTI_Data_sharing/DTI_Data_sharing_MECFS-GO/CFS_389/DTI_FA.nii.gz,722021,718145,da038f77,file
DTI_Data_sharing/DTI_Data_sharing_MECFS-GO/CFS_389/DTI_MD.nii.gz,708400,704352,7b65698b,file
DTI_Data_sharing/DTI_Data_sharing_MECFS-GO/CFS_389/DTI_RD.nii.gz,717728,713854,7ba1b41a,file
DTI_Data_sharing/DTI_Data_sharing_MECFS-GO/CFS_391/,0,0,00000000,directory
DTI_Data_sharing/DTI_Data_sharing_MECFS-GO/CFS_391/DTI_AD.nii.gz,756262,753783,2c89cbb5,file
DTI_Data_sharing/DTI_Data_sharing_MECFS-GO/CFS_391/DTI_FA.nii.gz,785279,782924,57398733,file
DTI_Data_sharing/DTI_Data_sharing_MECFS-GO/CFS_391/DTI_MD.nii.gz,766862,764367,9ee8b14b,file
DTI_Data_sharing/DTI_Data_sharing_MECFS-GO/CFS_391/DTI_RD.nii.gz,780366,778000,93c841d2,file
DTI_Data_sharing/DTI_Data_sharing_MECFS-GO/CFS_393/,0,0,00000000,directory
DTI_Data_sharing/DTI_Data_sharing_MECFS-GO/CFS_393/DTI_AD.nii.gz,746863,743974,030712cd,file
DTI_Data_sharing/DTI_Data_sharing_MECFS-GO/CFS_393/DTI_FA.nii.gz,775895,773089,55c5dcd4,file
DTI_Data_sharing/DTI_Data_sharing_MECFS-GO/CFS_393/DTI_MD.nii.gz,759028,756006,e565998b,file
DTI_Data_sharing/DTI_Data_sharing_MECFS-GO/CFS_393/DTI_RD.nii.gz,772208,769447,363161dc,file
DTI_Data_sharing/DTI_Data_sharing_MECFS-GO/CFS_395/,0,0,00000000,directory
DTI_Data_sharing/DTI_Data_sharing_MECFS-GO/CFS_395/DTI_AD.nii.gz,666102,662256,d0df9999,file
DTI_Data_sharing/DTI_Data_sharing_MECFS-GO/CFS_395/DTI_FA.nii.gz,692541,688873,74ad46f9,file
DTI_Data_sharing/DTI_Data_sharing_MECFS-GO/CFS_395/DTI_MD.nii.gz,675740,671902,bde8e609,file
DTI_Data_sharing/DTI_Data_sharing_MECFS-GO/CFS_395/DTI_RD.nii.gz,687659,684029,111ff1a1,file
DTI_Data_sharing/DTI_Data_sharing_MECFS-GO/CFS_396/,0,0,00000000,directory
DTI_Data_sharing/DTI_Data_sharing_MECFS-GO/CFS_396/DTI_AD.nii.gz,637378,633887,ed7fbb13,file
DTI_Data_sharing/DTI_Data_sharing_MECFS-GO/CFS_396/DTI_FA.nii.gz,661171,657823,78114d0d,file
DTI_Data_sharing/DTI_Data_sharing_MECFS-GO/CFS_396/DTI_MD.nii.gz,648472,644923,a807adfb,file
DTI_Data_sharing/DTI_Data_sharing_MECFS-GO/CFS_396/DTI_RD.nii.gz,657508,654139,401566ac,file
DTI_Data_sharing/DTI_Data_sharing_MECFS-GO/CFS_400/,0,0,00000000,directory
DTI_Data_sharing/DTI_Data_sharing_MECFS-GO/CFS_400/DTI_AD.nii.gz,778053,775621,5cb17ae2,file
DTI_Data_sharing/DTI_Data_sharing_MECFS-GO/CFS_400/DTI_FA.nii.gz,807945,805599,900527a9,file
DTI_Data_sharing/DTI_Data_sharing_MECFS-GO/CFS_400/DTI_MD.nii.gz,799337,796998,69a097d3,file
DTI_Data_sharing/DTI_Data_sharing_MECFS-GO/CFS_400/DTI_RD.nii.gz,803759,801364,2116509f,file
DTI_Data_sharing/DTI_Data_sharing_MECFS-PI/,0,0,00000000,directory
DTI_Data_sharing/DTI_Data_sharing_MECFS-PI/CFS_007/,0,0,00000000,directory
DTI_Data_sharing/DTI_Data_sharing_MECFS-PI/CFS_007/DTI_AD.nii.gz,775220,772554,156e7557,file
DTI_Data_sharing/DTI_Data_sharing_MECFS-PI/CFS_007/DTI_FA.nii.gz,805690,803266,87d3a7b9,file
DTI_Data_sharing/DTI_Data_sharing_MECFS-PI/CFS_007/DTI_MD.nii.gz,790397,787624,3c5ef87c,file
DTI_Data_sharing/DTI_Data_sharing_MECFS-PI/CFS_007/DTI_RD.nii.gz,800120,797652,fa0674ef,file
DTI_Data_sharing/DTI_Data_sharing_MECFS-PI/CFS_009/,0,0,00000000,directory
DTI_Data_sharing/DTI_Data_sharing_MECFS-PI/CFS_009/DTI_AD.nii.gz,781111,778640,a0489923,file
DTI_Data_sharing/DTI_Data_sharing_MECFS-PI/CFS_009/DTI_FA.nii.gz,814226,811920,4024f030,file
DTI_Data_sharing/DTI_Data_sharing_MECFS-PI/CFS_009/DTI_MD.nii.gz,796687,793893,84afff8e,file
DTI_Data_sharing/DTI_Data_sharing_MECFS-PI/CFS_009/DTI_RD.nii.gz,807422,804978,6286e165,file
DTI_Data_sharing/DTI_Data_sharing_MECFS-PI/CFS_010/,0,0,00000000,directory
DTI_Data_sharing/DTI_Data_sharing_MECFS-PI/CFS_010/DTI_AD.nii.gz,712956,709915,84d8151e,file
DTI_Data_sharing/DTI_Data_sharing_MECFS-PI/CFS_010/DTI_FA.nii.gz,742366,739449,013b582e,file
DTI_Data_sharing/DTI_Data_sharing_MECFS-PI/CFS_010/DTI_MD.nii.gz,728526,725306,cea891c9,file
DTI_Data_sharing/DTI_Data_sharing_MECFS-PI/CFS_010/DTI_RD.nii.gz,737292,734372,9be0e41a,file
DTI_Data_sharing/DTI_Data_sharing_MECFS-PI/CFS_014/,0,0,00000000,directory
DTI_Data_sharing/DTI_Data_sharing_MECFS-PI/CFS_014/DTI_AD.nii.gz,710965,708360,55d1b4a5,file
DTI_Data_sharing/DTI_Data_sharing_MECFS-PI/CFS_014/DTI_FA.nii.gz,740093,737575,42780c20,file
DTI_Data_sharing/DTI_Data_sharing_MECFS-PI/CFS_014/DTI_MD.nii.gz,723592,720813,f2d5f354,file
DTI_Data_sharing/DTI_Data_sharing_MECFS-PI/CFS_014/DTI_RD.nii.gz,734143,731624,1fccb2a4,file
DTI_Data_sharing/DTI_Data_sharing_MECFS-PI/CFS_015/,0,0,00000000,directory
DTI_Data_sharing/DTI_Data_sharing_MECFS-PI/CFS_015/DTI_AD.nii.gz,712236,708989,f23b04f1,file
DTI_Data_sharing/DTI_Data_sharing_MECFS-PI/CFS_015/DTI_FA.nii.gz,740524,737414,baed06b6,file
DTI_Data_sharing/DTI_Data_sharing_MECFS-PI/CFS_015/DTI_MD.nii.gz,726624,723208,af6ba29f,file
DTI_Data_sharing/DTI_Data_sharing_MECFS-PI/CFS_015/DTI_RD.nii.gz,735892,732815,21b32b1e,file
DTI_Data_sharing/DTI_Data_sharing_MECFS-PI/CFS_016/,0,0,00000000,directory
DTI_Data_sharing/DTI_Data_sharing_MECFS-PI/CFS_016/DTI_AD.nii.gz,719777,717445,554e8b11,file
DTI_Data_sharing/DTI_Data_sharing_MECFS-PI/CFS_016/DTI_FA.nii.gz,750947,748714,6f02e080,file
DTI_Data_sharing/DTI_Data_sharing_MECFS-PI/CFS_016/DTI_MD.nii.gz,733906,731426,050242c4,file
DTI_Data_sharing/DTI_Data_sharing_MECFS-PI/CFS_016/DTI_RD.nii.gz,745196,742955,296dfef4,file
DTI_Data_sharing/DTI_Data_sharing_MECFS-PI/CFS_017/,0,0,00000000,directory
DTI_Data_sharing/DTI_Data_sharing_MECFS-PI/CFS_017/DTI_AD.nii.gz,610062,606308,7bc9c2c1,file
DTI_Data_sharing/DTI_Data_sharing_MECFS-PI/CFS_017/DTI_FA.nii.gz,633370,629776,05d8184d,file
DTI_Data_sharing/DTI_Data_sharing_MECFS-PI/CFS_017/DTI_MD.nii.gz,621701,617909,0faad7af,file
DTI_Data_sharing/DTI_Data_sharing_MECFS-PI/CFS_017/DTI_RD.nii.gz,630335,626727,ba489480,file
DTI_Data_sharing/DTI_Data_sharing_MECFS-PI/CFS_019/,0,0,00000000,directory
DTI_Data_sharing/DTI_Data_sharing_MECFS-PI/CFS_019/DTI_AD.nii.gz,742430,739825,1b6936ee,file
DTI_Data_sharing/DTI_Data_sharing_MECFS-PI/CFS_019/DTI_FA.nii.gz,774122,771658,b7da7c51,file
DTI_Data_sharing/DTI_Data_sharing_MECFS-PI/CFS_019/DTI_MD.nii.gz,757288,754452,cf9af66d,file
DTI_Data_sharing/DTI_Data_sharing_MECFS-PI/CFS_019/DTI_RD.nii.gz,768121,765678,24da2482,file
DTI_Data_sharing/DTI_Data_sharing_MECFS-PI/CFS_027/,0,0,00000000,directory
DTI_Data_sharing/DTI_Data_sharing_MECFS-PI/CFS_027/DTI_AD.nii.gz,752983,750368,4dc574af,file
DTI_Data_sharing/DTI_Data_sharing_MECFS-PI/CFS_027/DTI_FA.nii.gz,782169,779837,9e290122,file
DTI_Data_sharing/DTI_Data_sharing_MECFS-PI/CFS_027/DTI_MD.nii.gz,769721,766948,f98e8b8e,file
DTI_Data_sharing/DTI_Data_sharing_MECFS-PI/CFS_027/DTI_RD.nii.gz,778487,776077,fed7de4b,file
DTI_Data_sharing/DTI_Data_sharing_MECFS-PI/CFS_028/,0,0,00000000,directory
DTI_Data_sharing/DTI_Data_sharing_MECFS-PI/CFS_028/DTI_AD.nii.gz,712225,709044,ab060f25,file
DTI_Data_sharing/DTI_Data_sharing_MECFS-PI/CFS_028/DTI_FA.nii.gz,740924,737810,a8b91aa7,file
DTI_Data_sharing/DTI_Data_sharing_MECFS-PI/CFS_028/DTI_MD.nii.gz,726373,723018,630a6e6a,file
DTI_Data_sharing/DTI_Data_sharing_MECFS-PI/CFS_028/DTI_RD.nii.gz,736010,732935,b344d46f,file
DTI_Data_sharing/DTI_Data_sharing_MECFS-PI/CFS_033/,0,0,00000000,directory
DTI_Data_sharing/DTI_Data_sharing_MECFS-PI/CFS_033/DTI_AD.nii.gz,641411,638175,cb7881f2,file
DTI_Data_sharing/DTI_Data_sharing_MECFS-PI/CFS_033/DTI_FA.nii.gz,666579,663501,bb4bb22c,file
DTI_Data_sharing/DTI_Data_sharing_MECFS-PI/CFS_033/DTI_MD.nii.gz,652413,649042,004d8c77,file
DTI_Data_sharing/DTI_Data_sharing_MECFS-PI/CFS_033/DTI_RD.nii.gz,662729,659528,90f37caa,file
DTI_Data_sharing/DTI_Data_sharing_MECFS-PI/CFS_037/,0,0,00000000,directory
DTI_Data_sharing/DTI_Data_sharing_MECFS-PI/CFS_037/DTI_AD.nii.gz,752300,749336,c514f52d,file
DTI_Data_sharing/DTI_Data_sharing_MECFS-PI/CFS_037/DTI_FA.nii.gz,782306,779485,b01a5210,file
DTI_Data_sharing/DTI_Data_sharing_MECFS-PI/CFS_037/DTI_MD.nii.gz,763919,760802,98856cc3,file
DTI_Data_sharing/DTI_Data_sharing_MECFS-PI/CFS_037/DTI_RD.nii.gz,776762,773976,39a465bb,file
DTI_Data_sharing/DTI_Data_sharing_MECFS-PI/CFS_044/,0,0,00000000,directory
DTI_Data_sharing/DTI_Data_sharing_MECFS-PI/CFS_044/DTI_AD.nii.gz,712267,709441,cc927a50,file
DTI_Data_sharing/DTI_Data_sharing_MECFS-PI/CFS_044/DTI_FA.nii.gz,740631,737912,79144609,file
DTI_Data_sharing/DTI_Data_sharing_MECFS-PI/CFS_044/DTI_MD.nii.gz,724476,721500,4ada28ca,file
DTI_Data_sharing/DTI_Data_sharing_MECFS-PI/CFS_044/DTI_RD.nii.gz,735965,733246,8a38c348,file
DTI_Data_sharing/DTI_Data_sharing_MECFS-PI/CFS_046/,0,0,00000000,directory
DTI_Data_sharing/DTI_Data_sharing_MECFS-PI/CFS_046/DTI_AD.nii.gz,664661,661705,f7ca7c0d,file
DTI_Data_sharing/DTI_Data_sharing_MECFS-PI/CFS_046/DTI_FA.nii.gz,690565,687697,d1bb001f,file
DTI_Data_sharing/DTI_Data_sharing_MECFS-PI/CFS_046/DTI_MD.nii.gz,676477,673366,a4035ebe,file
DTI_Data_sharing/DTI_Data_sharing_MECFS-PI/CFS_046/DTI_RD.nii.gz,686235,683429,c7344076,file
DTI_Data_sharing/DTI_Data_sharing_MECFS-PI/CFS_048/,0,0,00000000,directory
DTI_Data_sharing/DTI_Data_sharing_MECFS-PI/CFS_048/DTI_AD.nii.gz,816578,814266,f20670ca,file
DTI_Data_sharing/DTI_Data_sharing_MECFS-PI/CFS_048/DTI_FA.nii.gz,850036,847853,86042a2d,file
DTI_Data_sharing/DTI_Data_sharing_MECFS-PI/CFS_048/DTI_MD.nii.gz,828707,826286,6c979401,file
DTI_Data_sharing/DTI_Data_sharing_MECFS-PI/CFS_048/DTI_RD.nii.gz,843992,841823,5d613c08,file
DTI_Data_sharing/DTI_Data_sharing_MECFS-PI/CFS_052/,0,0,00000000,directory
DTI_Data_sharing/DTI_Data_sharing_MECFS-PI/CFS_052/DTI_AD.nii.gz,671157,667752,2483ed2e,file
DTI_Data_sharing/DTI_Data_sharing_MECFS-PI/CFS_052/DTI_FA.nii.gz,698644,695417,b43eb70d,file
DTI_Data_sharing/DTI_Data_sharing_MECFS-PI/CFS_052/DTI_MD.nii.gz,682393,678930,40e8d462,file
DTI_Data_sharing/DTI_Data_sharing_MECFS-PI/CFS_052/DTI_RD.nii.gz,693553,690267,99aef434,file
DTI_Data_sharing/DTI_Data_sharing_MECFS-PI/CFS_063/,0,0,00000000,directory
DTI_Data_sharing/DTI_Data_sharing_MECFS-PI/CFS_063/DTI_AD.nii.gz,725447,722788,a49fa013,file
DTI_Data_sharing/DTI_Data_sharing_MECFS-PI/CFS_063/DTI_FA.nii.gz,754873,752452,dd387bae,file
DTI_Data_sharing/DTI_Data_sharing_MECFS-PI/CFS_063/DTI_MD.nii.gz,739275,736430,1bd4ead9,file
DTI_Data_sharing/DTI_Data_sharing_MECFS-PI/CFS_063/DTI_RD.nii.gz,750350,747693,302d317e,file
DTI_Data_sharing/DTI_Data_sharing_MECFS-PI/CFS_072/,0,0,00000000,directory
DTI_Data_sharing/DTI_Data_sharing_MECFS-PI/CFS_072/DTI_AD.nii.gz,671063,667891,cbc7da07,file
DTI_Data_sharing/DTI_Data_sharing_MECFS-PI/CFS_072/DTI_FA.nii.gz,697843,694988,ec776cfd,file
DTI_Data_sharing/DTI_Data_sharing_MECFS-PI/CFS_072/DTI_MD.nii.gz,680750,677564,efe6675a,file
DTI_Data_sharing/DTI_Data_sharing_MECFS-PI/CFS_072/DTI_RD.nii.gz,693743,690611,60502d62,file
DTI_Data_sharing/DTI_Data_sharing_MECFS-PI/CFS_080/,0,0,00000000,directory
DTI_Data_sharing/DTI_Data_sharing_MECFS-PI/CFS_080/DTI_AD.nii.gz,712268,709314,149bb79e,file
DTI_Data_sharing/DTI_Data_sharing_MECFS-PI/CFS_080/DTI_FA.nii.gz,740487,737680,6104c459,file
DTI_Data_sharing/DTI_Data_sharing_MECFS-PI/CFS_080/DTI_MD.nii.gz,726099,723010,1b1d8b23,file
DTI_Data_sharing/DTI_Data_sharing_MECFS-PI/CFS_080/DTI_RD.nii.gz,735560,732798,e82647de,file
DTI_Data_sharing/DTI_Data_sharing_MECFS-PI/CFS_083/,0,0,00000000,directory
DTI_Data_sharing/DTI_Data_sharing_MECFS-PI/CFS_083/DTI_AD.nii.gz,785326,782021,73789370,file
DTI_Data_sharing/DTI_Data_sharing_MECFS-PI/CFS_083/DTI_FA.nii.gz,817975,814830,180e59bf,file
DTI_Data_sharing/DTI_Data_sharing_MECFS-PI/CFS_083/DTI_MD.nii.gz,800990,797504,1e7bc639,file
DTI_Data_sharing/DTI_Data_sharing_MECFS-PI/CFS_083/DTI_RD.nii.gz,812224,809116,3b2a938a,file
DTI_Data_sharing/DTI_Data_sharing_MECFS-PI/CFS_088/,0,0,00000000,directory
DTI_Data_sharing/DTI_Data_sharing_MECFS-PI/CFS_088/DTI_AD.nii.gz,691309,688329,92da5417,file
DTI_Data_sharing/DTI_Data_sharing_MECFS-PI/CFS_088/DTI_FA.nii.gz,717752,714945,22419c27,file
DTI_Data_sharing/DTI_Data_sharing_MECFS-PI/CFS_088/DTI_MD.nii.gz,707927,704862,6bacd5a4,file
DTI_Data_sharing/DTI_Data_sharing_MECFS-PI/CFS_088/DTI_RD.nii.gz,714330,711487,562c27a1,file
DTI_Data_sharing/DTI_Data_sharing_MECFS-PI/CFS_092/,0,0,00000000,directory
DTI_Data_sharing/DTI_Data_sharing_MECFS-PI/CFS_092/DTI_AD.nii.gz,712380,709462,eb2d95ab,file
DTI_Data_sharing/DTI_Data_sharing_MECFS-PI/CFS_092/DTI_FA.nii.gz,740168,737426,32420393,file
DTI_Data_sharing/DTI_Data_sharing_MECFS-PI/CFS_092/DTI_MD.nii.gz,729274,726157,62e7a58f,file
DTI_Data_sharing/DTI_Data_sharing_MECFS-PI/CFS_092/DTI_RD.nii.gz,737003,734199,e9a3fc8a,file
DTI_Data_sharing/DTI_Data_sharing_MECFS-PI/CFS_095/,0,0,00000000,directory
DTI_Data_sharing/DTI_Data_sharing_MECFS-PI/CFS_095/DTI_AD.nii.gz,726641,723896,017c4f58,file
DTI_Data_sharing/DTI_Data_sharing_MECFS-PI/CFS_095/DTI_FA.nii.gz,755647,753060,353b89c1,file
DTI_Data_sharing/DTI_Data_sharing_MECFS-PI/CFS_095/DTI_MD.nii.gz,741067,738157,b9349904,file
DTI_Data_sharing/DTI_Data_sharing_MECFS-PI/CFS_095/DTI_RD.nii.gz,750519,747963,6abe488b,file
DTI_Data_sharing/DTI_Data_sharing_MECFS-PI/CFS_097/,0,0,00000000,directory
DTI_Data_sharing/DTI_Data_sharing_MECFS-PI/CFS_097/DTI_AD.nii.gz,753302,750378,3afc9e98,file
DTI_Data_sharing/DTI_Data_sharing_MECFS-PI/CFS_097/DTI_FA.nii.gz,784325,781654,362a32a8,file
DTI_Data_sharing/DTI_Data_sharing_MECFS-PI/CFS_097/DTI_MD.nii.gz,769359,766274,fd637504,file
DTI_Data_sharing/DTI_Data_sharing_MECFS-PI/CFS_097/DTI_RD.nii.gz,778863,776142,a348b5d6,file
DTI_Data_sharing/DTI_Data_sharing_MECFS-PI/CFS_098/,0,0,00000000,directory
DTI_Data_sharing/DTI_Data_sharing_MECFS-PI/CFS_098/DTI_AD.nii.gz,791562,788963,3b8c4c73,file
DTI_Data_sharing/DTI_Data_sharing_MECFS-PI/CFS_098/DTI_FA.nii.gz,824133,821662,31ac1edc,file
DTI_Data_sharing/DTI_Data_sharing_MECFS-PI/CFS_098/DTI_MD.nii.gz,808998,806341,3164d2be,file
DTI_Data_sharing/DTI_Data_sharing_MECFS-PI/CFS_098/DTI_RD.nii.gz,818378,816029,872a3924,file
DTI_Data_sharing/DTI_Data_sharing_MECFS-PI/CFS_099/,0,0,00000000,directory
DTI_Data_sharing/DTI_Data_sharing_MECFS-PI/CFS_099/DTI_AD.nii.gz,740475,737946,2485abda,file
DTI_Data_sharing/DTI_Data_sharing_MECFS-PI/CFS_099/DTI_FA.nii.gz,770702,768344,93fce700,file
DTI_Data_sharing/DTI_Data_sharing_MECFS-PI/CFS_099/DTI_MD.nii.gz,756337,753678,50ba22f1,file
DTI_Data_sharing/DTI_Data_sharing_MECFS-PI/CFS_099/DTI_RD.nii.gz,765539,763243,7b8b19fb,file
DTI_Data_sharing/DTI_Data_sharing_MECFS-PI/CFS_100/,0,0,00000000,directory
DTI_Data_sharing/DTI_Data_sharing_MECFS-PI/CFS_100/DTI_AD.nii.gz,691772,688573,d6248f0d,file
DTI_Data_sharing/DTI_Data_sharing_MECFS-PI/CFS_100/DTI_FA.nii.gz,720755,717718,cb40949f,file
DTI_Data_sharing/DTI_Data_sharing_MECFS-PI/CFS_100/DTI_MD.nii.gz,702012,698834,483796be,file
DTI_Data_sharing/DTI_Data_sharing_MECFS-PI/CFS_100/DTI_RD.nii.gz,714442,711503,12bb876c,file
DTI_Data_sharing/DTI_Data_sharing_MECFS-PI/CFS_104/,0,0,00000000,directory
DTI_Data_sharing/DTI_Data_sharing_MECFS-PI/CFS_104/DTI_AD.nii.gz,697483,694566,99c5b222,file
DTI_Data_sharing/DTI_Data_sharing_MECFS-PI/CFS_104/DTI_FA.nii.gz,724863,722037,c2c10423,file
DTI_Data_sharing/DTI_Data_sharing_MECFS-PI/CFS_104/DTI_MD.nii.gz,712159,708756,8662cdbf,file
DTI_Data_sharing/DTI_Data_sharing_MECFS-PI/CFS_104/DTI_RD.nii.gz,720299,717316,7b6600c7,file
DTI_Data_sharing/DTI_Data_sharing_MECFS-PI/CFS_107/,0,0,00000000,directory
DTI_Data_sharing/DTI_Data_sharing_MECFS-PI/CFS_107/DTI_AD.nii.gz,735117,732477,339f2183,file
DTI_Data_sharing/DTI_Data_sharing_MECFS-PI/CFS_107/DTI_FA.nii.gz,764321,761809,6c845d23,file
DTI_Data_sharing/DTI_Data_sharing_MECFS-PI/CFS_107/DTI_MD.nii.gz,743786,740948,4756e29f,file
DTI_Data_sharing/DTI_Data_sharing_MECFS-PI/CFS_107/DTI_RD.nii.gz,759633,756941,66138a75,file
DTI_Data_sharing/DTI_Data_sharing_MECFS-PI/CFS_108/,0,0,00000000,directory
DTI_Data_sharing/DTI_Data_sharing_MECFS-PI/CFS_108/DTI_AD.nii.gz,775166,772792,57b9ab58,file
DTI_Data_sharing/DTI_Data_sharing_MECFS-PI/CFS_108/DTI_FA.nii.gz,807736,805473,8dd36b58,file
DTI_Data_sharing/DTI_Data_sharing_MECFS-PI/CFS_108/DTI_MD.nii.gz,792248,789709,adc5b0d6,file
DTI_Data_sharing/DTI_Data_sharing_MECFS-PI/CFS_108/DTI_RD.nii.gz,802345,800166,75ac8123,file
DTI_Data_sharing/DTI_Data_sharing_MECFS-PI/CFS_112/,0,0,00000000,directory
DTI_Data_sharing/DTI_Data_sharing_MECFS-PI/CFS_112/DTI_AD.nii.gz,658029,654846,17156466,file
DTI_Data_sharing/DTI_Data_sharing_MECFS-PI/CFS_112/DTI_FA.nii.gz,683318,680287,c1808f23,file
DTI_Data_sharing/DTI_Data_sharing_MECFS-PI/CFS_112/DTI_MD.nii.gz,667875,664565,7a7d8b09,file
DTI_Data_sharing/DTI_Data_sharing_MECFS-PI/CFS_112/DTI_RD.nii.gz,678894,675883,ad66ad75,file
DTI_Data_sharing/DTI_Data_sharing_MECFS-PI/CFS_113/,0,0,00000000,directory
DTI_Data_sharing/DTI_Data_sharing_MECFS-PI/CFS_113/DTI_AD.nii.gz,791846,789218,0b475630,file
DTI_Data_sharing/DTI_Data_sharing_MECFS-PI/CFS_113/DTI_FA.nii.gz,824085,821627,ab7dabf8,file
DTI_Data_sharing/DTI_Data_sharing_MECFS-PI/CFS_113/DTI_MD.nii.gz,805675,802953,cda8c0df,file
DTI_Data_sharing/DTI_Data_sharing_MECFS-PI/CFS_113/DTI_RD.nii.gz,817844,815448,05232d6f,file
DTI_Data_sharing/DTI_Data_sharing_MECFS-PI/CFS_114/,0,0,00000000,directory
DTI_Data_sharing/DTI_Data_sharing_MECFS-PI/CFS_114/DTI_AD.nii.gz,736422,733661,27e397a0,file
DTI_Data_sharing/DTI_Data_sharing_MECFS-PI/CFS_114/DTI_FA.nii.gz,766072,763498,e44f1fa9,file
DTI_Data_sharing/DTI_Data_sharing_MECFS-PI/CFS_114/DTI_MD.nii.gz,751104,748243,e324ca98,file
DTI_Data_sharing/DTI_Data_sharing_MECFS-PI/CFS_114/DTI_RD.nii.gz,760476,758040,b2ac6874,file
DTI_Data_sharing/DTI_Data_sharing_MECFS-PI/CFS_116/,0,0,00000000,directory
DTI_Data_sharing/DTI_Data_sharing_MECFS-PI/CFS_116/DTI_AD.nii.gz,738746,735773,e6ed6c71,file
DTI_Data_sharing/DTI_Data_sharing_MECFS-PI/CFS_116/DTI_FA.nii.gz,769938,767272,9ba446f8,file
DTI_Data_sharing/DTI_Data_sharing_MECFS-PI/CFS_116/DTI_MD.nii.gz,754083,750966,aacf8594,file
DTI_Data_sharing/DTI_Data_sharing_MECFS-PI/CFS_116/DTI_RD.nii.gz,763812,760978,9b36ec68,file
DTI_Data_sharing/DTI_Data_sharing_MECFS-PI/CFS_121/,0,0,00000000,directory
DTI_Data_sharing/DTI_Data_sharing_MECFS-PI/CFS_121/DTI_AD.nii.gz,666451,662808,279040a8,file
DTI_Data_sharing/DTI_Data_sharing_MECFS-PI/CFS_121/DTI_FA.nii.gz,691696,688140,e53f1247,file
DTI_Data_sharing/DTI_Data_sharing_MECFS-PI/CFS_121/DTI_MD.nii.gz,680129,676440,f889a426,file
DTI_Data_sharing/DTI_Data_sharing_MECFS-PI/CFS_121/DTI_RD.nii.gz,689154,685657,3245c279,file
DTI_Data_sharing/DTI_Data_sharing_MECFS-PI/CFS_122/,0,0,00000000,directory
DTI_Data_sharing/DTI_Data_sharing_MECFS-PI/CFS_122/DTI_AD.nii.gz,702655,699352,14c598cf,file
DTI_Data_sharing/DTI_Data_sharing_MECFS-PI/CFS_122/DTI_FA.nii.gz,730402,727221,acd731d6,file
DTI_Data_sharing/DTI_Data_sharing_MECFS-PI/CFS_122/DTI_MD.nii.gz,713239,709932,896c4f42,file
DTI_Data_sharing/DTI_Data_sharing_MECFS-PI/CFS_122/DTI_RD.nii.gz,725783,722581,581172b3,file
DTI_Data_sharing/DTI_Data_sharing_MECFS-PI/CFS_123/,0,0,00000000,directory
DTI_Data_sharing/DTI_Data_sharing_MECFS-PI/CFS_123/DTI_AD.nii.gz,805017,802731,69fc827a,file
DTI_Data_sharing/DTI_Data_sharing_MECFS-PI/CFS_123/DTI_FA.nii.gz,837624,835445,fcf7cc02,file
DTI_Data_sharing/DTI_Data_sharing_MECFS-PI/CFS_123/DTI_MD.nii.gz,818169,815783,bfa65a56,file
DTI_Data_sharing/DTI_Data_sharing_MECFS-PI/CFS_123/DTI_RD.nii.gz,830729,828669,276494bb,file
DTI_Data_sharing/DTI_Data_sharing_MECFS-PI/CFS_129/,0,0,00000000,directory
DTI_Data_sharing/DTI_Data_sharing_MECFS-PI/CFS_129/DTI_AD.nii.gz,678798,675907,7a2fe434,file
DTI_Data_sharing/DTI_Data_sharing_MECFS-PI/CFS_129/DTI_FA.nii.gz,705608,702840,7c39e1b1,file
DTI_Data_sharing/DTI_Data_sharing_MECFS-PI/CFS_129/DTI_MD.nii.gz,688627,685683,a4da105c,file
DTI_Data_sharing/DTI_Data_sharing_MECFS-PI/CFS_129/DTI_RD.nii.gz,702011,699307,20f1a0f4,file
DTI_Data_sharing/DTI_Data_sharing_MECFS-PI/CFS_130/,0,0,00000000,directory
DTI_Data_sharing/DTI_Data_sharing_MECFS-PI/CFS_130/DTI_AD.nii.gz,787176,784487,c517d5f1,file
DTI_Data_sharing/DTI_Data_sharing_MECFS-PI/CFS_130/DTI_FA.nii.gz,818931,816493,a6a8a8d5,file
DTI_Data_sharing/DTI_Data_sharing_MECFS-PI/CFS_130/DTI_MD.nii.gz,800131,797341,a1f8d685,file
DTI_Data_sharing/DTI_Data_sharing_MECFS-PI/CFS_130/DTI_RD.nii.gz,813883,811368,7d7663b6,file
DTI_Data_sharing/DTI_Data_sharing_MECFS-PI/CFS_132/,0,0,00000000,directory
DTI_Data_sharing/DTI_Data_sharing_MECFS-PI/CFS_132/DTI_AD.nii.gz,731854,728827,464de6ac,file
DTI_Data_sharing/DTI_Data_sharing_MECFS-PI/CFS_132/DTI_FA.nii.gz,761377,758396,fcb0aa17,file
DTI_Data_sharing/DTI_Data_sharing_MECFS-PI/CFS_132/DTI_MD.nii.gz,747259,744125,086e7033,file
DTI_Data_sharing/DTI_Data_sharing_MECFS-PI/CFS_132/DTI_RD.nii.gz,757416,754475,2c692ef7,file
DTI_Data_sharing/DTI_Data_sharing_MECFS-PI/CFS_134/,0,0,00000000,directory
DTI_Data_sharing/DTI_Data_sharing_MECFS-PI/CFS_134/DTI_AD.nii.gz,816966,814415,e1f87faa,file
DTI_Data_sharing/DTI_Data_sharing_MECFS-PI/CFS_134/DTI_FA.nii.gz,850377,847950,e6896863,file
DTI_Data_sharing/DTI_Data_sharing_MECFS-PI/CFS_134/DTI_MD.nii.gz,834730,832158,29c177ff,file
DTI_Data_sharing/DTI_Data_sharing_MECFS-PI/CFS_134/DTI_RD.nii.gz,845962,843623,5f2d90d7,file
DTI_Data_sharing/DTI_Data_sharing_MECFS-PI/CFS_135/,0,0,00000000,directory
DTI_Data_sharing/DTI_Data_sharing_MECFS-PI/CFS_135/DTI_AD.nii.gz,812657,810267,b7b3bf8a,file
DTI_Data_sharing/DTI_Data_sharing_MECFS-PI/CFS_135/DTI_FA.nii.gz,845352,843173,896b04f9,file
DTI_Data_sharing/DTI_Data_sharing_MECFS-PI/CFS_135/DTI_MD.nii.gz,827991,825568,a60bd10a,file
DTI_Data_sharing/DTI_Data_sharing_MECFS-PI/CFS_135/DTI_RD.nii.gz,839499,837374,4d3ca0cd,file
DTI_Data_sharing/DTI_Data_sharing_MECFS-PI/CFS_138/,0,0,00000000,directory
DTI_Data_sharing/DTI_Data_sharing_MECFS-PI/CFS_138/DTI_AD.nii.gz,733066,729912,58429ee8,file
DTI_Data_sharing/DTI_Data_sharing_MECFS-PI/CFS_138/DTI_FA.nii.gz,763076,760084,b7ffd5ae,file
DTI_Data_sharing/DTI_Data_sharing_MECFS-PI/CFS_138/DTI_MD.nii.gz,748478,745154,2dfcae68,file
DTI_Data_sharing/DTI_Data_sharing_MECFS-PI/CFS_138/DTI_RD.nii.gz,758019,754927,0f02e257,file
DTI_Data_sharing/DTI_Data_sharing_MECFS-PI/CFS_139/,0,0,00000000,directory
DTI_Data_sharing/DTI_Data_sharing_MECFS-PI/CFS_139/DTI_AD.nii.gz,675087,671817,a968773d,file
DTI_Data_sharing/DTI_Data_sharing_MECFS-PI/CFS_139/DTI_FA.nii.gz,702035,698914,96b7062e,file
DTI_Data_sharing/DTI_Data_sharing_MECFS-PI/CFS_139/DTI_MD.nii.gz,684194,680912,fdc0448c,file
DTI_Data_sharing/DTI_Data_sharing_MECFS-PI/CFS_139/DTI_RD.nii.gz,697383,694302,5dae7334,file
DTI_Data_sharing/DTI_Data_sharing_MECFS-PI/CFS_143/,0,0,00000000,directory
DTI_Data_sharing/DTI_Data_sharing_MECFS-PI/CFS_143/DTI_AD.nii.gz,764982,762255,1b210488,file
DTI_Data_sharing/DTI_Data_sharing_MECFS-PI/CFS_143/DTI_FA.nii.gz,794822,792290,33127a37,file
DTI_Data_sharing/DTI_Data_sharing_MECFS-PI/CFS_143/DTI_MD.nii.gz,778622,775759,81c48968,file
DTI_Data_sharing/DTI_Data_sharing_MECFS-PI/CFS_143/DTI_RD.nii.gz,789397,786867,6e1e0170,file
DTI_Data_sharing/DTI_Data_sharing_MECFS-PI/CFS_146/,0,0,00000000,directory
DTI_Data_sharing/DTI_Data_sharing_MECFS-PI/CFS_146/DTI_AD.nii.gz,674184,670702,3ed7bdf0,file
DTI_Data_sharing/DTI_Data_sharing_MECFS-PI/CFS_146/DTI_FA.nii.gz,699934,696628,7555b648,file
DTI_Data_sharing/DTI_Data_sharing_MECFS-PI/CFS_146/DTI_MD.nii.gz,688368,684826,51ae757d,file
DTI_Data_sharing/DTI_Data_sharing_MECFS-PI/CFS_146/DTI_RD.nii.gz,696306,693013,74eb6a68,file
DTI_Data_sharing/DTI_Data_sharing_MECFS-PI/CFS_147/,0,0,00000000,directory
DTI_Data_sharing/DTI_Data_sharing_MECFS-PI/CFS_147/DTI_AD.nii.gz,735200,732444,9f332043,file
DTI_Data_sharing/DTI_Data_sharing_MECFS-PI/CFS_147/DTI_FA.nii.gz,764660,762072,bb323101,file
DTI_Data_sharing/DTI_Data_sharing_MECFS-PI/CFS_147/DTI_MD.nii.gz,748475,745678,8acacb41,file
DTI_Data_sharing/DTI_Data_sharing_MECFS-PI/CFS_147/DTI_RD.nii.gz,759637,757123,c11d0214,file
DTI_Data_sharing/DTI_Data_sharing_MECFS-PI/CFS_152/,0,0,00000000,directory
DTI_Data_sharing/DTI_Data_sharing_MECFS-PI/CFS_152/DTI_AD.nii.gz,799307,796301,cd78315b,file
DTI_Data_sharing/DTI_Data_sharing_MECFS-PI/CFS_152/DTI_FA.nii.gz,832672,829795,2cff4c49,file
DTI_Data_sharing/DTI_Data_sharing_MECFS-PI/CFS_152/DTI_MD.nii.gz,813531,810481,0c0a976c,file
DTI_Data_sharing/DTI_Data_sharing_MECFS-PI/CFS_152/DTI_RD.nii.gz,825211,822356,622783d3,file
DTI_Data_sharing/DTI_Data_sharing_MECFS-PI/CFS_155/,0,0,00000000,directory
DTI_Data_sharing/DTI_Data_sharing_MECFS-PI/CFS_155/DTI_AD.nii.gz,727933,725040,0348b845,file
DTI_Data_sharing/DTI_Data_sharing_MECFS-PI/CFS_155/DTI_FA.nii.gz,757039,754343,c1b43451,file
DTI_Data_sharing/DTI_Data_sharing_MECFS-PI/CFS_155/DTI_MD.nii.gz,742597,739604,f504fda7,file
DTI_Data_sharing/DTI_Data_sharing_MECFS-PI/CFS_155/DTI_RD.nii.gz,752596,749875,fbcd4c65,file
DTI_Data_sharing/DTI_Data_sharing_MECFS-PI/CFS_160/,0,0,00000000,directory
DTI_Data_sharing/DTI_Data_sharing_MECFS-PI/CFS_160/DTI_AD.nii.gz,705238,702038,d10872aa,file
DTI_Data_sharing/DTI_Data_sharing_MECFS-PI/CFS_160/DTI_FA.nii.gz,732034,729037,59170fa7,file
DTI_Data_sharing/DTI_Data_sharing_MECFS-PI/CFS_160/DTI_MD.nii.gz,720960,717679,fbfd0b6b,file
DTI_Data_sharing/DTI_Data_sharing_MECFS-PI/CFS_160/DTI_RD.nii.gz,729992,726976,95623a25,file
DTI_Data_sharing/DTI_Data_sharing_MECFS-PI/CFS_161/,0,0,00000000,directory
DTI_Data_sharing/DTI_Data_sharing_MECFS-PI/CFS_161/DTI_AD.nii.gz,674963,671495,eacb833e,file
DTI_Data_sharing/DTI_Data_sharing_MECFS-PI/CFS_161/DTI_FA.nii.gz,700927,697637,ac45f452,file
DTI_Data_sharing/DTI_Data_sharing_MECFS-PI/CFS_161/DTI_MD.nii.gz,687764,684252,f47e4e79,file
DTI_Data_sharing/DTI_Data_sharing_MECFS-PI/CFS_161/DTI_RD.nii.gz,697398,694135,bf734b69,file
DTI_Data_sharing/DTI_Data_sharing_MECFS-PI/CFS_168/,0,0,00000000,directory
DTI_Data_sharing/DTI_Data_sharing_MECFS-PI/CFS_168/DTI_AD.nii.gz,679777,676213,804b6875,file
DTI_Data_sharing/DTI_Data_sharing_MECFS-PI/CFS_168/DTI_FA.nii.gz,703599,700148,90de8983,file
DTI_Data_sharing/DTI_Data_sharing_MECFS-PI/CFS_168/DTI_MD.nii.gz,693777,690149,d72832f6,file
DTI_Data_sharing/DTI_Data_sharing_MECFS-PI/CFS_168/DTI_RD.nii.gz,702030,698684,97feedb3,file
DTI_Data_sharing/DTI_Data_sharing_MECFS-PI/CFS_172/,0,0,00000000,directory
DTI_Data_sharing/DTI_Data_sharing_MECFS-PI/CFS_172/DTI_AD.nii.gz,762273,759372,1fa59acb,file
DTI_Data_sharing/DTI_Data_sharing_MECFS-PI/CFS_172/DTI_FA.nii.gz,792632,789887,fdea68a0,file
DTI_Data_sharing/DTI_Data_sharing_MECFS-PI/CFS_172/DTI_MD.nii.gz,779617,776716,669766b8,file
DTI_Data_sharing/DTI_Data_sharing_MECFS-PI/CFS_172/DTI_RD.nii.gz,788895,786207,79f34736,file
DTI_Data_sharing/DTI_Data_sharing_MECFS-PI/CFS_178/,0,0,00000000,directory
DTI_Data_sharing/DTI_Data_sharing_MECFS-PI/CFS_178/DTI_AD.nii.gz,748409,745379,5ab54e21,file
DTI_Data_sharing/DTI_Data_sharing_MECFS-PI/CFS_178/DTI_FA.nii.gz,778741,775849,24972285,file
DTI_Data_sharing/DTI_Data_sharing_MECFS-PI/CFS_178/DTI_MD.nii.gz,765804,762614,bf64f2e5,file
DTI_Data_sharing/DTI_Data_sharing_MECFS-PI/CFS_178/DTI_RD.nii.gz,774744,771812,1491aea2,file
DTI_Data_sharing/DTI_Data_sharing_MECFS-PI/CFS_181/,0,0,00000000,directory
DTI_Data_sharing/DTI_Data_sharing_MECFS-PI/CFS_181/DTI_AD.nii.gz,873135,870703,93e1dd23,file
DTI_Data_sharing/DTI_Data_sharing_MECFS-PI/CFS_181/DTI_FA.nii.gz,908996,906788,8f236d3d,file
DTI_Data_sharing/DTI_Data_sharing_MECFS-PI/CFS_181/DTI_MD.nii.gz,892187,889718,cfb5ec04,file
DTI_Data_sharing/DTI_Data_sharing_MECFS-PI/CFS_181/DTI_RD.nii.gz,902121,899908,a8298644,file
DTI_Data_sharing/DTI_Data_sharing_MECFS-PI/CFS_187/,0,0,00000000,directory
DTI_Data_sharing/DTI_Data_sharing_MECFS-PI/CFS_187/DTI_AD.nii.gz,752289,749246,760077e6,file
DTI_Data_sharing/DTI_Data_sharing_MECFS-PI/CFS_187/DTI_FA.nii.gz,783238,780408,63d209a5,file
DTI_Data_sharing/DTI_Data_sharing_MECFS-PI/CFS_187/DTI_MD.nii.gz,770691,767578,58ef7b80,file
DTI_Data_sharing/DTI_Data_sharing_MECFS-PI/CFS_187/DTI_RD.nii.gz,778453,775606,e047becf,file
DTI_Data_sharing/DTI_Data_sharing_MECFS-PI/CFS_191/,0,0,00000000,directory
DTI_Data_sharing/DTI_Data_sharing_MECFS-PI/CFS_191/DTI_AD.nii.gz,799284,796642,4443da6c,file
DTI_Data_sharing/DTI_Data_sharing_MECFS-PI/CFS_191/DTI_FA.nii.gz,831287,828752,20a13db3,file
DTI_Data_sharing/DTI_Data_sharing_MECFS-PI/CFS_191/DTI_MD.nii.gz,814015,811277,0245ad8b,file
DTI_Data_sharing/DTI_Data_sharing_MECFS-PI/CFS_191/DTI_RD.nii.gz,826469,823927,8f2140cd,file
DTI_Data_sharing/DTI_Data_sharing_MECFS-PI/CFS_193/,0,0,00000000,directory
DTI_Data_sharing/DTI_Data_sharing_MECFS-PI/CFS_193/DTI_AD.nii.gz,720140,717068,6c9b2217,file
DTI_Data_sharing/DTI_Data_sharing_MECFS-PI/CFS_193/DTI_FA.nii.gz,748402,745548,2169c717,file
DTI_Data_sharing/DTI_Data_sharing_MECFS-PI/CFS_193/DTI_MD.nii.gz,736671,733623,2b7bcb82,file
DTI_Data_sharing/DTI_Data_sharing_MECFS-PI/CFS_193/DTI_RD.nii.gz,744001,741199,049b675c,file
DTI_Data_sharing/DTI_Data_sharing_MECFS-PI/CFS_194/,0,0,00000000,directory
DTI_Data_sharing/DTI_Data_sharing_MECFS-PI/CFS_194/DTI_AD.nii.gz,618029,614186,eb1b8d59,file
DTI_Data_sharing/DTI_Data_sharing_MECFS-PI/CFS_194/DTI_FA.nii.gz,641286,637559,5f443da8,file
DTI_Data_sharing/DTI_Data_sharing_MECFS-PI/CFS_194/DTI_MD.nii.gz,630534,626632,9b21bfa6,file
DTI_Data_sharing/DTI_Data_sharing_MECFS-PI/CFS_194/DTI_RD.nii.gz,638884,635185,3359cbcd,file
DTI_Data_sharing/DTI_Data_sharing_MECFS-PI/CFS_196/,0,0,00000000,directory
DTI_Data_sharing/DTI_Data_sharing_MECFS-PI/CFS_196/DTI_AD.nii.gz,721112,717779,204fafb5,file
DTI_Data_sharing/DTI_Data_sharing_MECFS-PI/CFS_196/DTI_FA.nii.gz,749440,746198,3021686d,file
DTI_Data_sharing/DTI_Data_sharing_MECFS-PI/CFS_196/DTI_MD.nii.gz,734914,731539,8810bf07,file
DTI_Data_sharing/DTI_Data_sharing_MECFS-PI/CFS_196/DTI_RD.nii.gz,744845,741868,20d4c760,file
DTI_Data_sharing/DTI_Data_sharing_MECFS-PI/CFS_197/,0,0,00000000,directory
DTI_Data_sharing/DTI_Data_sharing_MECFS-PI/CFS_197/DTI_AD.nii.gz,667363,664110,4f6c3b01,file
DTI_Data_sharing/DTI_Data_sharing_MECFS-PI/CFS_197/DTI_FA.nii.gz,693113,689977,3357e299,file
DTI_Data_sharing/DTI_Data_sharing_MECFS-PI/CFS_197/DTI_MD.nii.gz,679919,676611,63b0824a,file
DTI_Data_sharing/DTI_Data_sharing_MECFS-PI/CFS_197/DTI_RD.nii.gz,689457,686346,84435981,file
DTI_Data_sharing/DTI_Data_sharing_MECFS-PI/CFS_198/,0,0,00000000,directory
DTI_Data_sharing/DTI_Data_sharing_MECFS-PI/CFS_198/DTI_AD.nii.gz,695424,692170,c1cb75a0,file
DTI_Data_sharing/DTI_Data_sharing_MECFS-PI/CFS_198/DTI_FA.nii.gz,722486,719448,1ef5c7be,file
DTI_Data_sharing/DTI_Data_sharing_MECFS-PI/CFS_198/DTI_MD.nii.gz,711086,707796,b2429e1d,file
DTI_Data_sharing/DTI_Data_sharing_MECFS-PI/CFS_198/DTI_RD.nii.gz,719760,716677,27d34945,file
DTI_Data_sharing/DTI_Data_sharing_MECFS-PI/CFS_199/,0,0,00000000,directory
DTI_Data_sharing/DTI_Data_sharing_MECFS-PI/CFS_199/DTI_AD.nii.gz,721676,718327,447db573,file
DTI_Data_sharing/DTI_Data_sharing_MECFS-PI/CFS_199/DTI_FA.nii.gz,749447,746272,013618a5,file
DTI_Data_sharing/DTI_Data_sharing_MECFS-PI/CFS_199/DTI_MD.nii.gz,733937,730547,951c8f0f,file
DTI_Data_sharing/DTI_Data_sharing_MECFS-PI/CFS_199/DTI_RD.nii.gz,745176,742131,4e94c993,file
DTI_Data_sharing/DTI_Data_sharing_MECFS-PI/CFS_215/,0,0,00000000,directory
DTI_Data_sharing/DTI_Data_sharing_MECFS-PI/CFS_215/DTI_AD.nii.gz,668943,665490,b134ca6f,file
DTI_Data_sharing/DTI_Data_sharing_MECFS-PI/CFS_215/DTI_FA.nii.gz,695372,692114,365101c3,file
DTI_Data_sharing/DTI_Data_sharing_MECFS-PI/CFS_215/DTI_MD.nii.gz,680449,676968,cc27e399,file
DTI_Data_sharing/DTI_Data_sharing_MECFS-PI/CFS_215/DTI_RD.nii.gz,691429,688056,9b84907c,file
DTI_Data_sharing/DTI_Data_sharing_MECFS-PI/CFS_216/,0,0,00000000,directory
DTI_Data_sharing/DTI_Data_sharing_MECFS-PI/CFS_216/DTI_AD.nii.gz,701692,698741,d18fd918,file
DTI_Data_sharing/DTI_Data_sharing_MECFS-PI/CFS_216/DTI_FA.nii.gz,729551,726776,47c23e82,file
DTI_Data_sharing/DTI_Data_sharing_MECFS-PI/CFS_216/DTI_MD.nii.gz,712706,709716,94164ebb,file
DTI_Data_sharing/DTI_Data_sharing_MECFS-PI/CFS_216/DTI_RD.nii.gz,724973,722145,44d5bf96,file
DTI_Data_sharing/DTI_Data_sharing_MECFS-PI/CFS_218/,0,0,00000000,directory
DTI_Data_sharing/DTI_Data_sharing_MECFS-PI/CFS_218/DTI_AD.nii.gz,746886,743518,e2cfce5c,file
DTI_Data_sharing/DTI_Data_sharing_MECFS-PI/CFS_218/DTI_FA.nii.gz,777203,773970,808ef533,file
DTI_Data_sharing/DTI_Data_sharing_MECFS-PI/CFS_218/DTI_MD.nii.gz,759250,755743,bb5816f7,file
DTI_Data_sharing/DTI_Data_sharing_MECFS-PI/CFS_218/DTI_RD.nii.gz,772644,769350,11954a49,file
DTI_Data_sharing/DTI_Data_sharing_MECFS-PI/CFS_223/,0,0,00000000,directory
DTI_Data_sharing/DTI_Data_sharing_MECFS-PI/CFS_223/DTI_AD.nii.gz,675372,672007,23807409,file
DTI_Data_sharing/DTI_Data_sharing_MECFS-PI/CFS_223/DTI_FA.nii.gz,700215,697056,5be3efde,file
DTI_Data_sharing/DTI_Data_sharing_MECFS-PI/CFS_223/DTI_MD.nii.gz,689387,685961,ee6e7ea2,file
DTI_Data_sharing/DTI_Data_sharing_MECFS-PI/CFS_223/DTI_RD.nii.gz,697867,694731,36bd7090,file
DTI_Data_sharing/DTI_Data_sharing_MECFS-PI/CFS_224/,0,0,00000000,directory
DTI_Data_sharing/DTI_Data_sharing_MECFS-PI/CFS_224/DTI_AD.nii.gz,696669,693529,b4f543b4,file
DTI_Data_sharing/DTI_Data_sharing_MECFS-PI/CFS_224/DTI_FA.nii.gz,723726,720717,d3550ac3,file
DTI_Data_sharing/DTI_Data_sharing_MECFS-PI/CFS_224/DTI_MD.nii.gz,708346,705001,5311c056,file
DTI_Data_sharing/DTI_Data_sharing_MECFS-PI/CFS_224/DTI_RD.nii.gz,718969,715834,c5f05ea7,file
DTI_Data_sharing/DTI_Data_sharing_MECFS-PI/CFS_225/,0,0,00000000,directory
DTI_Data_sharing/DTI_Data_sharing_MECFS-PI/CFS_225/DTI_AD.nii.gz,807663,805266,fb519a29,file
DTI_Data_sharing/DTI_Data_sharing_MECFS-PI/CFS_225/DTI_FA.nii.gz,841409,839028,8a1914a6,file
DTI_Data_sharing/DTI_Data_sharing_MECFS-PI/CFS_225/DTI_MD.nii.gz,821055,818502,db847820,file
DTI_Data_sharing/DTI_Data_sharing_MECFS-PI/CFS_225/DTI_RD.nii.gz,835304,833123,4a4ba8da,file
DTI_Data_sharing/DTI_Data_sharing_MECFS-PI/CFS_229/,0,0,00000000,directory
DTI_Data_sharing/DTI_Data_sharing_MECFS-PI/CFS_229/DTI_AD.nii.gz,665758,662459,980faaca,file
DTI_Data_sharing/DTI_Data_sharing_MECFS-PI/CFS_229/DTI_FA.nii.gz,691168,688000,9fe98a0d,file
DTI_Data_sharing/DTI_Data_sharing_MECFS-PI/CFS_229/DTI_MD.nii.gz,677872,674491,6e4c296e,file
DTI_Data_sharing/DTI_Data_sharing_MECFS-PI/CFS_229/DTI_RD.nii.gz,687946,684801,e3f513b6,file
DTI_Data_sharing/DTI_Data_sharing_MECFS-PI/CFS_235/,0,0,00000000,directory
DTI_Data_sharing/DTI_Data_sharing_MECFS-PI/CFS_235/DTI_AD.nii.gz,767202,764553,b4942b54,file
DTI_Data_sharing/DTI_Data_sharing_MECFS-PI/CFS_235/DTI_FA.nii.gz,796769,794256,a7314097,file
DTI_Data_sharing/DTI_Data_sharing_MECFS-PI/CFS_235/DTI_MD.nii.gz,776245,773592,ba4dfec3,file
DTI_Data_sharing/DTI_Data_sharing_MECFS-PI/CFS_235/DTI_RD.nii.gz,791214,788650,cf2102a2,file
DTI_Data_sharing/DTI_Data_sharing_MECFS-PI/CFS_238/,0,0,00000000,directory
DTI_Data_sharing/DTI_Data_sharing_MECFS-PI/CFS_238/DTI_AD.nii.gz,738658,735535,c35cf89d,file
DTI_Data_sharing/DTI_Data_sharing_MECFS-PI/CFS_238/DTI_FA.nii.gz,767744,764774,02a8b789,file
DTI_Data_sharing/DTI_Data_sharing_MECFS-PI/CFS_238/DTI_MD.nii.gz,751769,748570,ab88a1f7,file
DTI_Data_sharing/DTI_Data_sharing_MECFS-PI/CFS_238/DTI_RD.nii.gz,762934,759987,af1c3fd6,file
DTI_Data_sharing/DTI_Data_sharing_MECFS-PI/CFS_251/,0,0,00000000,directory
DTI_Data_sharing/DTI_Data_sharing_MECFS-PI/CFS_251/DTI_AD.nii.gz,622152,618993,edaf405f,file
DTI_Data_sharing/DTI_Data_sharing_MECFS-PI/CFS_251/DTI_FA.nii.gz,645736,642778,48934ffb,file
DTI_Data_sharing/DTI_Data_sharing_MECFS-PI/CFS_251/DTI_MD.nii.gz,635216,632051,672bc774,file
DTI_Data_sharing/DTI_Data_sharing_MECFS-PI/CFS_251/DTI_RD.nii.gz,641915,638845,124baaef,file
DTI_Data_sharing/DTI_Data_sharing_MECFS-PI/CFS_253/,0,0,00000000,directory
DTI_Data_sharing/DTI_Data_sharing_MECFS-PI/CFS_253/DTI_AD.nii.gz,772755,770069,17fa8918,file
DTI_Data_sharing/DTI_Data_sharing_MECFS-PI/CFS_253/DTI_FA.nii.gz,803433,800853,d037f567,file
DTI_Data_sharing/DTI_Data_sharing_MECFS-PI/CFS_253/DTI_MD.nii.gz,788566,785723,6cd75304,file
DTI_Data_sharing/DTI_Data_sharing_MECFS-PI/CFS_253/DTI_RD.nii.gz,798718,796216,25d30ceb,file
DTI_Data_sharing/DTI_Data_sharing_MECFS-PI/CFS_256/,0,0,00000000,directory
DTI_Data_sharing/DTI_Data_sharing_MECFS-PI/CFS_256/DTI_AD.nii.gz,719558,716451,e23d0928,file
DTI_Data_sharing/DTI_Data_sharing_MECFS-PI/CFS_256/DTI_FA.nii.gz,748274,745339,28b3a947,file
DTI_Data_sharing/DTI_Data_sharing_MECFS-PI/CFS_256/DTI_MD.nii.gz,730888,727779,c565ce80,file
DTI_Data_sharing/DTI_Data_sharing_MECFS-PI/CFS_256/DTI_RD.nii.gz,743849,740905,d86e8b7a,file
DTI_Data_sharing/DTI_Data_sharing_MECFS-PI/CFS_259/,0,0,00000000,directory
DTI_Data_sharing/DTI_Data_sharing_MECFS-PI/CFS_259/DTI_AD.nii.gz,663974,660472,8efa0b45,file
DTI_Data_sharing/DTI_Data_sharing_MECFS-PI/CFS_259/DTI_FA.nii.gz,688909,685554,1c4126fe,file
DTI_Data_sharing/DTI_Data_sharing_MECFS-PI/CFS_259/DTI_MD.nii.gz,673861,670299,d851a63b,file
DTI_Data_sharing/DTI_Data_sharing_MECFS-PI/CFS_259/DTI_RD.nii.gz,685372,682084,cb392ec5,file
DTI_Data_sharing/DTI_Data_sharing_MECFS-PI/CFS_261/,0,0,00000000,directory
DTI_Data_sharing/DTI_Data_sharing_MECFS-PI/CFS_261/DTI_AD.nii.gz,742137,739168,c7c8e35d,file
DTI_Data_sharing/DTI_Data_sharing_MECFS-PI/CFS_261/DTI_FA.nii.gz,772388,769537,00f4a804,file
DTI_Data_sharing/DTI_Data_sharing_MECFS-PI/CFS_261/DTI_MD.nii.gz,758327,755251,e3c48feb,file
DTI_Data_sharing/DTI_Data_sharing_MECFS-PI/CFS_261/DTI_RD.nii.gz,767012,764147,c04101f5,file
DTI_Data_sharing/DTI_Data_sharing_MECFS-PI/CFS_267/,0,0,00000000,directory
DTI_Data_sharing/DTI_Data_sharing_MECFS-PI/CFS_267/DTI_AD.nii.gz,733742,730441,4e186800,file
DTI_Data_sharing/DTI_Data_sharing_MECFS-PI/CFS_267/DTI_FA.nii.gz,761197,758013,a1c0a382,file
DTI_Data_sharing/DTI_Data_sharing_MECFS-PI/CFS_267/DTI_MD.nii.gz,749902,746621,bef307f2,file
DTI_Data_sharing/DTI_Data_sharing_MECFS-PI/CFS_267/DTI_RD.nii.gz,758073,754865,8d7f1971,file
DTI_Data_sharing/DTI_Data_sharing_MECFS-PI/CFS_270/,0,0,00000000,directory
DTI_Data_sharing/DTI_Data_sharing_MECFS-PI/CFS_270/DTI_AD.nii.gz,695373,692093,20d1af5d,file
DTI_Data_sharing/DTI_Data_sharing_MECFS-PI/CFS_270/DTI_FA.nii.gz,722061,718924,14281019,file
DTI_Data_sharing/DTI_Data_sharing_MECFS-PI/CFS_270/DTI_MD.nii.gz,706992,703595,2c61bc61,file
DTI_Data_sharing/DTI_Data_sharing_MECFS-PI/CFS_270/DTI_RD.nii.gz,718607,715458,8896f284,file
DTI_Data_sharing/DTI_Data_sharing_MECFS-PI/CFS_271/,0,0,00000000,directory
DTI_Data_sharing/DTI_Data_sharing_MECFS-PI/CFS_271/DTI_AD.nii.gz,658170,654627,6725a621,file
DTI_Data_sharing/DTI_Data_sharing_MECFS-PI/CFS_271/DTI_FA.nii.gz,683159,679847,c60ff895,file
DTI_Data_sharing/DTI_Data_sharing_MECFS-PI/CFS_271/DTI_MD.nii.gz,670756,667203,7c237e47,file
DTI_Data_sharing/DTI_Data_sharing_MECFS-PI/CFS_271/DTI_RD.nii.gz,680115,676825,a58ba482,file
DTI_Data_sharing/DTI_Data_sharing_MECFS-PI/CFS_275/,0,0,00000000,directory
DTI_Data_sharing/DTI_Data_sharing_MECFS-PI/CFS_275/DTI_AD.nii.gz,715895,712826,7c2c3406,file
DTI_Data_sharing/DTI_Data_sharing_MECFS-PI/CFS_275/DTI_FA.nii.gz,745295,742383,90f0a7fc,file
DTI_Data_sharing/DTI_Data_sharing_MECFS-PI/CFS_275/DTI_MD.nii.gz,730306,727124,fa2c7bec,file
DTI_Data_sharing/DTI_Data_sharing_MECFS-PI/CFS_275/DTI_RD.nii.gz,740074,737065,c07f514a,file
DTI_Data_sharing/DTI_Data_sharing_MECFS-PI/CFS_279/,0,0,00000000,directory
DTI_Data_sharing/DTI_Data_sharing_MECFS-PI/CFS_279/DTI_AD.nii.gz,593750,589837,eb620133,file
DTI_Data_sharing/DTI_Data_sharing_MECFS-PI/CFS_279/DTI_FA.nii.gz,614046,610126,ac3d902c,file
DTI_Data_sharing/DTI_Data_sharing_MECFS-PI/CFS_279/DTI_MD.nii.gz,606006,601977,031d7f3f,file
DTI_Data_sharing/DTI_Data_sharing_MECFS-PI/CFS_279/DTI_RD.nii.gz,613101,609311,8662b036,file
DTI_Data_sharing/DTI_Data_sharing_MECFS-PI/CFS_293/,0,0,00000000,directory
DTI_Data_sharing/DTI_Data_sharing_MECFS-PI/CFS_293/DTI_AD.nii.gz,731525,728504,3bf58fd7,file
DTI_Data_sharing/DTI_Data_sharing_MECFS-PI/CFS_293/DTI_FA.nii.gz,760749,757874,deece16d,file
DTI_Data_sharing/DTI_Data_sharing_MECFS-PI/CFS_293/DTI_MD.nii.gz,743132,740031,7a044fa5,file
DTI_Data_sharing/DTI_Data_sharing_MECFS-PI/CFS_293/DTI_RD.nii.gz,756375,753497,7e2a7328,file
DTI_Data_sharing/DTI_Data_sharing_MECFS-PI/CFS_297/,0,0,00000000,directory
DTI_Data_sharing/DTI_Data_sharing_MECFS-PI/CFS_297/DTI_AD.nii.gz,682792,679675,c6d0bcf8,file
DTI_Data_sharing/DTI_Data_sharing_MECFS-PI/CFS_297/DTI_FA.nii.gz,709598,706610,9c0c8127,file
DTI_Data_sharing/DTI_Data_sharing_MECFS-PI/CFS_297/DTI_MD.nii.gz,694728,691506,e29c4497,file
DTI_Data_sharing/DTI_Data_sharing_MECFS-PI/CFS_297/DTI_RD.nii.gz,706187,703174,e4aaed6e,file
DTI_Data_sharing/DTI_Data_sharing_MECFS-PI/CFS_310/,0,0,00000000,directory
DTI_Data_sharing/DTI_Data_sharing_MECFS-PI/CFS_310/DTI_AD.nii.gz,686753,683664,395d206f,file
DTI_Data_sharing/DTI_Data_sharing_MECFS-PI/CFS_310/DTI_FA.nii.gz,713780,710847,39c66229,file
DTI_Data_sharing/DTI_Data_sharing_MECFS-PI/CFS_310/DTI_MD.nii.gz,699087,695918,cc625016,file
DTI_Data_sharing/DTI_Data_sharing_MECFS-PI/CFS_310/DTI_RD.nii.gz,709036,706054,6284146f,file
DTI_Data_sharing/DTI_Data_sharing_MECFS-PI/CFS_313/,0,0,00000000,directory
DTI_Data_sharing/DTI_Data_sharing_MECFS-PI/CFS_313/DTI_AD.nii.gz,716997,714030,2398e4de,file
DTI_Data_sharing/DTI_Data_sharing_MECFS-PI/CFS_313/DTI_FA.nii.gz,744917,742193,dc3ccc63,file
DTI_Data_sharing/DTI_Data_sharing_MECFS-PI/CFS_313/DTI_MD.nii.gz,731239,728252,0d0e7ac5,file
DTI_Data_sharing/DTI_Data_sharing_MECFS-PI/CFS_313/DTI_RD.nii.gz,740537,737850,4c40a5f2,file
DTI_Data_sharing/DTI_Data_sharing_MECFS-PI/CFS_326/,0,0,00000000,directory
DTI_Data_sharing/DTI_Data_sharing_MECFS-PI/CFS_326/DTI_AD.nii.gz,742183,739360,62bb9040,file
DTI_Data_sharing/DTI_Data_sharing_MECFS-PI/CFS_326/DTI_FA.nii.gz,772487,769847,a6cd47fe,file
DTI_Data_sharing/DTI_Data_sharing_MECFS-PI/CFS_326/DTI_MD.nii.gz,751541,748689,d60682ff,file
DTI_Data_sharing/DTI_Data_sharing_MECFS-PI/CFS_326/DTI_RD.nii.gz,767127,764479,734be979,file
DTI_Data_sharing/DTI_Data_sharing_MECFS-PI/CFS_328/,0,0,00000000,directory
DTI_Data_sharing/DTI_Data_sharing_MECFS-PI/CFS_328/DTI_AD.nii.gz,706360,703080,0b2bee3a,file
DTI_Data_sharing/DTI_Data_sharing_MECFS-PI/CFS_328/DTI_FA.nii.gz,734372,731267,112f6ecd,file
DTI_Data_sharing/DTI_Data_sharing_MECFS-PI/CFS_328/DTI_MD.nii.gz,719626,716288,5054e949,file
DTI_Data_sharing/DTI_Data_sharing_MECFS-PI/CFS_328/DTI_RD.nii.gz,730525,727518,4f535ac0,file
DTI_Data_sharing/DTI_Data_sharing_MECFS-PI/CFS_341/,0,0,00000000,directory
DTI_Data_sharing/DTI_Data_sharing_MECFS-PI/CFS_341/DTI_AD.nii.gz,735421,732516,6f7a08b5,file
DTI_Data_sharing/DTI_Data_sharing_MECFS-PI/CFS_341/DTI_FA.nii.gz,765290,762517,9cbdaa23,file
DTI_Data_sharing/DTI_Data_sharing_MECFS-PI/CFS_341/DTI_MD.nii.gz,749973,746833,98728272,file
DTI_Data_sharing/DTI_Data_sharing_MECFS-PI/CFS_341/DTI_RD.nii.gz,759632,756779,ba3140ef,file
DTI_Data_sharing/DTI_Data_sharing_MECFS-PI/CFS_344/,0,0,00000000,directory
DTI_Data_sharing/DTI_Data_sharing_MECFS-PI/CFS_344/DTI_AD.nii.gz,685085,681875,0a2ba234,file
DTI_Data_sharing/DTI_Data_sharing_MECFS-PI/CFS_344/DTI_FA.nii.gz,710428,707296,40384752,file
DTI_Data_sharing/DTI_Data_sharing_MECFS-PI/CFS_344/DTI_MD.nii.gz,697873,694600,187cfaa2,file
DTI_Data_sharing/DTI_Data_sharing_MECFS-PI/CFS_344/DTI_RD.nii.gz,706948,703821,d43fa9bc,file
DTI_Data_sharing/DTI_Data_sharing_MECFS-PI/CFS_346/,0,0,00000000,directory
DTI_Data_sharing/DTI_Data_sharing_MECFS-PI/CFS_346/DTI_AD.nii.gz,683622,680016,652c12c8,file
DTI_Data_sharing/DTI_Data_sharing_MECFS-PI/CFS_346/DTI_FA.nii.gz,709836,706529,a3080304,file
DTI_Data_sharing/DTI_Data_sharing_MECFS-PI/CFS_346/DTI_MD.nii.gz,697944,694331,bdcd88d6,file
DTI_Data_sharing/DTI_Data_sharing_MECFS-PI/CFS_346/DTI_RD.nii.gz,705808,702414,028c7bae,file
DTI_Data_sharing/DTI_Data_sharing_MECFS-PI/CFS_349/,0,0,00000000,directory
DTI_Data_sharing/DTI_Data_sharing_MECFS-PI/CFS_349/DTI_AD.nii.gz,644459,641076,4caacd89,file
DTI_Data_sharing/DTI_Data_sharing_MECFS-PI/CFS_349/DTI_FA.nii.gz,668738,665496,f5b0a81a,file
DTI_Data_sharing/DTI_Data_sharing_MECFS-PI/CFS_349/DTI_MD.nii.gz,657875,654393,f70f8d42,file
DTI_Data_sharing/DTI_Data_sharing_MECFS-PI/CFS_349/DTI_RD.nii.gz,665740,662521,7604d8b2,file
DTI_Data_sharing/DTI_Data_sharing_MECFS-PI/CFS_358/,0,0,00000000,directory
DTI_Data_sharing/DTI_Data_sharing_MECFS-PI/CFS_358/DTI_AD.nii.gz,686073,682716,bb25d884,file
DTI_Data_sharing/DTI_Data_sharing_MECFS-PI/CFS_358/DTI_FA.nii.gz,711889,708721,0be3cdf7,file
DTI_Data_sharing/DTI_Data_sharing_MECFS-PI/CFS_358/DTI_MD.nii.gz,696511,693120,318f4522,file
DTI_Data_sharing/DTI_Data_sharing_MECFS-PI/CFS_358/DTI_RD.nii.gz,707539,704371,94b883e0,file
DTI_Data_sharing/DTI_Data_sharing_MECFS-PI/CFS_360/,0,0,00000000,directory
DTI_Data_sharing/DTI_Data_sharing_MECFS-PI/CFS_360/DTI_AD.nii.gz,808256,805899,af5e0892,file
DTI_Data_sharing/DTI_Data_sharing_MECFS-PI/CFS_360/DTI_FA.nii.gz,840653,838311,d36efc35,file
DTI_Data_sharing/DTI_Data_sharing_MECFS-PI/CFS_360/DTI_MD.nii.gz,823838,821342,dc25966d,file
DTI_Data_sharing/DTI_Data_sharing_MECFS-PI/CFS_360/DTI_RD.nii.gz,836230,833833,9c61850d,file
DTI_Data_sharing/DTI_Data_sharing_MECFS-PI/CFS_361/,0,0,00000000,directory
DTI_Data_sharing/DTI_Data_sharing_MECFS-PI/CFS_361/DTI_AD.nii.gz,792942,790060,d301689c,file
DTI_Data_sharing/DTI_Data_sharing_MECFS-PI/CFS_361/DTI_FA.nii.gz,822997,820194,75fb69a3,file
DTI_Data_sharing/DTI_Data_sharing_MECFS-PI/CFS_361/DTI_MD.nii.gz,807610,804716,b1ab8f1e,file
DTI_Data_sharing/DTI_Data_sharing_MECFS-PI/CFS_361/DTI_RD.nii.gz,817836,815090,917092bf,file
DTI_Data_sharing/DTI_Data_sharing_MECFS-PI/CFS_386/,0,0,00000000,directory
DTI_Data_sharing/DTI_Data_sharing_MECFS-PI/CFS_386/DTI_AD.nii.gz,657343,653721,fd8604eb,file
DTI_Data_sharing/DTI_Data_sharing_MECFS-PI/CFS_386/DTI_FA.nii.gz,684048,680518,f630324d,file
DTI_Data_sharing/DTI_Data_sharing_MECFS-PI/CFS_386/DTI_MD.nii.gz,669909,666177,822d96ba,file
DTI_Data_sharing/DTI_Data_sharing_MECFS-PI/CFS_386/DTI_RD.nii.gz,679439,675990,60ed8d22,file
DTI_Data_sharing/DTI_Data_sharing_MECFS-PI/CFS_388/,0,0,00000000,directory
DTI_Data_sharing/DTI_Data_sharing_MECFS-PI/CFS_388/DTI_AD.nii.gz,782960,779969,838d9508,file
DTI_Data_sharing/DTI_Data_sharing_MECFS-PI/CFS_388/DTI_FA.nii.gz,814912,812063,2dd3bc2e,file
DTI_Data_sharing/DTI_Data_sharing_MECFS-PI/CFS_388/DTI_MD.nii.gz,800047,796975,330f17f5,file
DTI_Data_sharing/DTI_Data_sharing_MECFS-PI/CFS_388/DTI_RD.nii.gz,810392,807565,421b43e2,file
DTI_Data_sharing/DTI_Data_sharing_MECFS-PI/CFS_389/,0,0,00000000,directory
DTI_Data_sharing/DTI_Data_sharing_MECFS-PI/CFS_389/DTI_AD.nii.gz,694462,690404,b9ecec4a,file
DTI_Data_sharing/DTI_Data_sharing_MECFS-PI/CFS_389/DTI_FA.nii.gz,722021,718145,da038f77,file
DTI_Data_sharing/DTI_Data_sharing_MECFS-PI/CFS_389/DTI_MD.nii.gz,708400,704352,7b65698b,file
DTI_Data_sharing/DTI_Data_sharing_MECFS-PI/CFS_389/DTI_RD.nii.gz,717728,713854,7ba1b41a,file
DTI_Data_sharing/DTI_Data_sharing_MECFS-PI/CFS_391/,0,0,00000000,directory
DTI_Data_sharing/DTI_Data_sharing_MECFS-PI/CFS_391/DTI_AD.nii.gz,756262,753783,2c89cbb5,file
DTI_Data_sharing/DTI_Data_sharing_MECFS-PI/CFS_391/DTI_FA.nii.gz,785279,782924,57398733,file
DTI_Data_sharing/DTI_Data_sharing_MECFS-PI/CFS_391/DTI_MD.nii.gz,766862,764367,9ee8b14b,file
DTI_Data_sharing/DTI_Data_sharing_MECFS-PI/CFS_391/DTI_RD.nii.gz,780366,778000,93c841d2,file
DTI_Data_sharing/DTI_Data_sharing_MECFS-PI/CFS_393/,0,0,00000000,directory
DTI_Data_sharing/DTI_Data_sharing_MECFS-PI/CFS_393/DTI_AD.nii.gz,746863,743974,030712cd,file
DTI_Data_sharing/DTI_Data_sharing_MECFS-PI/CFS_393/DTI_FA.nii.gz,775895,773089,55c5dcd4,file
DTI_Data_sharing/DTI_Data_sharing_MECFS-PI/CFS_393/DTI_MD.nii.gz,759028,756006,e565998b,file
DTI_Data_sharing/DTI_Data_sharing_MECFS-PI/CFS_393/DTI_RD.nii.gz,772208,769447,363161dc,file
DTI_Data_sharing/DTI_Data_sharing_MECFS-PI/CFS_396/,0,0,00000000,directory
DTI_Data_sharing/DTI_Data_sharing_MECFS-PI/CFS_396/DTI_AD.nii.gz,637378,633887,ed7fbb13,file
DTI_Data_sharing/DTI_Data_sharing_MECFS-PI/CFS_396/DTI_FA.nii.gz,661171,657823,78114d0d,file
DTI_Data_sharing/DTI_Data_sharing_MECFS-PI/CFS_396/DTI_MD.nii.gz,648472,644923,a807adfb,file
DTI_Data_sharing/DTI_Data_sharing_MECFS-PI/CFS_396/DTI_RD.nii.gz,657508,654139,401566ac,file
